Abilene Christian,1100,Southland,FALSE,TRUE
Clemson,1500,ACC Atlantic,TRUE,FALSE
Alabama,1500,SEC West,TRUE,FALSE
Ohio State,1500,Big 10 East,TRUE,FALSE
Central Florida,1500,AAC East,FALSE,FALSE
Notre Dame,1500,Independent,FALSE,FALSE
Oklahoma,1500,Big 12,TRUE,FALSE
Fresno St,1500,MW West,FALSE,FALSE
Appalachian St,1500,Sun Belt East,FALSE,FALSE
Georgia,1500,SEC East,TRUE,FALSE
Utah St,1500,MW Mountain,FALSE,FALSE
Boise St,1500,MW Mountain,FALSE,FALSE
Washington St,1500,PAC 12 North,TRUE,FALSE
Michigan,1500,Big 10 East,TRUE,FALSE
Penn State,1500,Big 10 East,TRUE,FALSE
Washington,1500,PAC 12 North,TRUE,FALSE
LSU,1500,SEC West,TRUE,FALSE
Texas,1500,Big 12,TRUE,FALSE
Army,1500,Independent,FALSE,FALSE
Ohio U.,1500,MAC East,FALSE,FALSE
Cincinnati,1500,AAC East,FALSE,FALSE
Syracuse,1500,ACC Atlantic,TRUE,FALSE
Iowa,1500,Big 10 West,TRUE,FALSE
Florida,1500,SEC East,TRUE,FALSE
Texas A&M,1500,SEC West,TRUE,FALSE
Troy,1500,Sun Belt East,FALSE,FALSE
Kentucky,1500,SEC East,TRUE,FALSE
Mississippi St,1500,SEC West,TRUE,FALSE
Alabama-Birmingham,1100,CUSA West,FALSE,TRUE
Missouri,1500,SEC East,TRUE,FALSE
Northwestern,1500,Big 10 West,TRUE,FALSE
Stanford,1500,PAC 12 North,TRUE,FALSE
Iowa St,1500,Big 12,TRUE,FALSE
Utah,1500,PAC 12 South,TRUE,FALSE
Georgia Southern,1500,Sun Belt East,FALSE,FALSE
North Carolina St,1500,ACC Atlantic,TRUE,FALSE
Auburn,1500,SEC West,TRUE,FALSE
Buffalo,1500,MAC East,FALSE,FALSE
West Virginia,1500,Big 12,TRUE,FALSE
Wisconsin,1500,Big 10 West,TRUE,FALSE
Temple,1500,AAC East,FALSE,FALSE
Memphis,1500,AAC West,FALSE,FALSE
Marshall,1100,CUSA East,FALSE,TRUE
Oregon,1500,PAC 12 North,TRUE,FALSE
Arkansas St,1500,Sun Belt West,FALSE,FALSE
Florida Int'l,1100,CUSA East,FALSE,TRUE
Virginia,1500,ACC Coastal,TRUE,FALSE
North Texas,1100,CUSA West,FALSE,TRUE
Michigan St,1500,Big 10 East,TRUE,FALSE
Boston College,1500,ACC Atlantic,TRUE,FALSE
Brigham Young,1500,Independent,FALSE,FALSE
Duke,1500,ACC Coastal,TRUE,FALSE
Miami OH,1500,MAC East,FALSE,FALSE
Minnesota,1500,Big 10 West,TRUE,FALSE
Arizona St,1500,PAC 12 South,TRUE,FALSE
Oklahoma St,1500,Big 12,TRUE,FALSE
Miami FL,1500,ACC Coastal,TRUE,FALSE
Middle Tennessee St,1100,CUSA East,FALSE,TRUE
Houston,1500,AAC West,FALSE,FALSE
Toledo,1500,MAC West,FALSE,FALSE
Pittsburgh,1500,ACC Coastal,TRUE,FALSE
Eastern Michigan,1500,MAC West,FALSE,FALSE
Tulane,1500,AAC West,FALSE,FALSE
Nevada,1500,MW West,FALSE,FALSE
Southern Miss,1100,CUSA West,FALSE,TRUE
TCU,1500,Big 12,TRUE,FALSE
Purdue,1500,Big 10 West,TRUE,FALSE
Georgia Tech,1500,ACC Coastal,TRUE,FALSE
Louisiana Tech,1100,CUSA West,FALSE,TRUE
Wake Forest,1500,ACC Atlantic,TRUE,FALSE
South Carolina,1500,SEC East,TRUE,FALSE
Wyoming,1500,MW Mountain,FALSE,FALSE
Baylor,1500,Big 12,TRUE,FALSE
Vanderbilt,1500,SEC East,TRUE,FALSE
San Diego St,1500,MW West,FALSE,FALSE
Arizona,1500,PAC 12 South,TRUE,FALSE
Kansas St,1500,Big 12,TRUE,FALSE
Northern Illinois,1500,MAC West,FALSE,FALSE
Florida Atlantic,1100,CUSA East,FALSE,TRUE
Southern Cal,1500,PAC 12 South,TRUE,FALSE
Air Force,1500,MW Mountain,FALSE,FALSE
California,1500,PAC 12 North,TRUE,FALSE
Maryland,1500,Big 10 East,TRUE,FALSE
Louisiana-Lafayette,1500,Sun Belt West,FALSE,FALSE
Virginia Tech,1500,ACC Coastal,TRUE,FALSE
Louisiana-Monroe,1500,Sun Belt West,FALSE,FALSE
Nebraska,1500,Big 10 West,TRUE,FALSE
South Florida,1500,AAC East,FALSE,FALSE
Texas Tech,1500,Big 12,TRUE,FALSE
Western Michigan,1500,MAC West,FALSE,FALSE
Indiana,1500,Big 10 East,TRUE,FALSE
Florida St,1500,ACC Atlantic,TRUE,FALSE
SMU,1500,AAC West,FALSE,FALSE
Hawai`i,1500,MW West,FALSE,FALSE
Tennessee,1500,SEC East,TRUE,FALSE
Mississippi,1500,SEC West,TRUE,FALSE
Colorado,1500,PAC 12 South,TRUE,FALSE
Western Kentucky,1100,CUSA East,FALSE,TRUE
UNC-Charlotte,1100,CUSA East,FALSE,TRUE
UCLA,1500,PAC 12 South,TRUE,FALSE
Coastal Carolina,1500,Sun Belt East,FALSE,FALSE
UNLV,1500,MW West,FALSE,FALSE
Illinois,1500,Big 10 West,TRUE,FALSE
Kansas,1500,Big 12,TRUE,FALSE
Navy,1500,AAC West,FALSE,FALSE
Tulsa,1500,AAC West,FALSE,FALSE
North Carolina,1500,ACC Coastal,TRUE,FALSE
Massachusetts,1500,Independent,FALSE,FALSE
East Carolina,1500,AAC East,FALSE,FALSE
Texas St-San Marcos,1500,Sun Belt West,FALSE,FALSE
Ball St,1500,MAC West,FALSE,FALSE
Old Dominion,1100,CUSA East,FALSE,TRUE
Texas-San Antonio,1100,CUSA West,FALSE,TRUE
Akron,1500,MAC East,FALSE,FALSE
New Mexico,1500,MW Mountain,FALSE,FALSE
Arkansas,1500,SEC West,TRUE,FALSE
Colorado St,1500,MW Mountain,FALSE,FALSE
Bowling Green,1500,MAC East,FALSE,FALSE
South Alabama,1500,Sun Belt West,FALSE,FALSE
Kent St,1500,MAC East,FALSE,FALSE
Georgia St,1500,Sun Belt East,FALSE,FALSE
San Jos√© St,1500,MW West,FALSE,FALSE
Rutgers,1500,Big 10 East,TRUE,FALSE
Louisville,1500,ACC Atlantic,TRUE,FALSE
Rice,1100,CUSA West,FALSE,TRUE
Oregon St,1500,PAC 12 North,TRUE,FALSE
Central Michigan,1500,MAC West,FALSE,FALSE
New Mexico St,1500,Independent,FALSE,FALSE
UTEP,1100,CUSA West,FALSE,TRUE
Connecticut,1500,AAC East,FALSE,FALSE
Liberty,1500,Independent,FALSE,FALSE
Not FBS,1100,FCS,FALSE,TRUE
Alabama A&M,1100,SWAC East,FALSE,TRUE
Alabama St,1100,SWAC East,FALSE,TRUE
Albany NY,1100,CAA,FALSE,TRUE
Alcorn St,1100,SWAC East,FALSE,TRUE
Arkansas-Pine Bluff,1100,SWAC West,FALSE,TRUE
Austin Peay,1100,OVC,FALSE,TRUE
Bethune-Cookman,1100,MEAC,FALSE,TRUE
Brown,1100,Ivy League,FALSE,TRUE
Bryant,1100,NEC,FALSE,TRUE
Bucknell,1100,Patriot,FALSE,TRUE
Butler,1100,Pioneer,FALSE,TRUE
Cal Poly SLO,1100,Big Sky,FALSE,TRUE
Campbell,1100,Big South,FALSE,TRUE
Central Arkansas,1100,Southland,FALSE,TRUE
Central Conn St,1100,NEC,FALSE,TRUE
Charleston Southern,1100,Big South,FALSE,TRUE
Chattanooga,1100,Southern,FALSE,TRUE
Colgate,1100,Patriot,FALSE,TRUE
Columbia,1100,Ivy League,FALSE,TRUE
Cornell NY,1100,Ivy League,FALSE,TRUE
Dartmouth,1100,Ivy League,FALSE,TRUE
Davidson,1100,Pioneer,FALSE,TRUE
Dayton,1100,Pioneer,FALSE,TRUE
Delaware,1100,CAA,FALSE,TRUE
Delaware St,1100,MEAC,FALSE,TRUE
Drake,1100,Pioneer,FALSE,TRUE
Duquesne,1100,NEC,FALSE,TRUE
East Tennessee St,1100,Southern,FALSE,TRUE
Eastern Illinois,1100,OVC,FALSE,TRUE
Eastern Kentucky,1100,OVC,FALSE,TRUE
Eastern Washington,1100,Big Sky,FALSE,TRUE
Elon,1100,CAA,FALSE,TRUE
Florida A&M,1100,MEAC,FALSE,TRUE
Fordham,1100,Patriot,FALSE,TRUE
Furman,1100,Southern,FALSE,TRUE
Gardner-Webb,1100,Big South,FALSE,TRUE
Georgetown DC,1100,Patriot,FALSE,TRUE
Grambling St,1100,SWAC West,FALSE,TRUE
Hampton,1100,Big South,FALSE,TRUE
Harvard,1100,Ivy League,FALSE,TRUE
Holy Cross,1100,Patriot,FALSE,TRUE
Houston Baptist,1100,Southland,FALSE,TRUE
Howard,1100,MEAC,FALSE,TRUE
Idaho,1100,Big Sky,FALSE,TRUE
Idaho St,1100,Big Sky,FALSE,TRUE
Illinois St,1100,MVFC,FALSE,TRUE
Incarnate Word,1100,Southland,FALSE,TRUE
Indiana St,1100,MVFC,FALSE,TRUE
Jackson St,1100,SWAC East,FALSE,TRUE
Jacksonville FL,1100,Pioneer,FALSE,TRUE
Jacksonville St,1100,OVC,FALSE,TRUE
James Madison,1100,CAA,FALSE,TRUE
Kennesaw St,1100,Big South,FALSE,TRUE
Lafayette,1100,Patriot,FALSE,TRUE
Lamar,1100,Southland,FALSE,TRUE
Lehigh,1100,Patriot,FALSE,TRUE
LIU Post,1100,NEC,FALSE,TRUE
Maine,1100,CAA,FALSE,TRUE
Marist,1100,Pioneer,FALSE,TRUE
McNeese St,1100,Southland,FALSE,TRUE
Mercer,1100,Southern,FALSE,TRUE
Missouri St,1100,MVFC,FALSE,TRUE
Missouri Valley,1100,SWAC East,FALSE,TRUE
Monmouth NJ,1100,Big South,FALSE,TRUE
Montana,1100,Big Sky,FALSE,TRUE
Montana St,1100,Big Sky,FALSE,TRUE
Morehead St,1100,Pioneer,FALSE,TRUE
Morgan St,1100,MEAC,FALSE,TRUE
Murray St,1100,OVC,FALSE,TRUE
New Hampshire,1100,CAA,FALSE,TRUE
Nicholls St,1100,Southland,FALSE,TRUE
Norfolk St,1100,MEAC,FALSE,TRUE
North Alabama,1100,Big South,FALSE,TRUE
North Carolina A&T,1100,MEAC,FALSE,TRUE
North Carolina Central,1100,MEAC,FALSE,TRUE
North Dakota St,1100,MVFC,FALSE,TRUE
Northern Arizona,1100,Big Sky,FALSE,TRUE
Northern Colorado,1100,Big Sky,FALSE,TRUE
Northern Iowa,1100,MVFC,FALSE,TRUE
Northwestern St,1100,Southland,FALSE,TRUE
Pennsylvania,1100,Ivy League,FALSE,TRUE
Portland St,1100,Big Sky,FALSE,TRUE
Prairie View A&M,1100,SWAC West,FALSE,TRUE
Presbyterian,1100,Big South,FALSE,TRUE
Princeton,1100,Ivy League,FALSE,TRUE
Rhode Island,1100,CAA,FALSE,TRUE
Richmond,1100,CAA,FALSE,TRUE
Robert Morris PA,1100,NEC,FALSE,TRUE
Sacramento St,1100,Big Sky,FALSE,TRUE
Sacred Heart,1100,NEC,FALSE,TRUE
Sam Houston St,1100,Southland,FALSE,TRUE
Samford,1100,Southern,FALSE,TRUE
San Diego,1100,Pioneer,FALSE,TRUE
SE Louisiana,1100,Southland,FALSE,TRUE
SE Missouri St,1100,OVC,FALSE,TRUE
South Carolina St,1100,MEAC,FALSE,TRUE
South Dakota,1100,MVFC,FALSE,TRUE
South Dakota St,1100,MVFC,FALSE,TRUE
Southern Illinois,1100,MVFC,FALSE,TRUE
Southern U.,1100,SWAC West,FALSE,TRUE
Southern Utah,1100,Big Sky,FALSE,TRUE
St Francis PA,1100,NEC,FALSE,TRUE
Stephen F. Austin,1100,Southland,FALSE,TRUE
Stetson,1100,Pioneer,FALSE,TRUE
Stony Brook,1100,CAA,FALSE,TRUE
Tennessee St,1100,OVC,FALSE,TRUE
Tennessee Tech,1100,OVC,FALSE,TRUE
Tennessee-Martin,1100,OVC,FALSE,TRUE
Texas Southern,1100,SWAC West,FALSE,TRUE
The Citadel,1100,Southern,FALSE,TRUE
Towson,1100,CAA,FALSE,TRUE
UC-Davis,1100,Big Sky,FALSE,TRUE
Valparaiso,1100,Pioneer,FALSE,TRUE
Villanova,1100,CAA,FALSE,TRUE
VMI,1100,Southern,FALSE,TRUE
Wagner,1100,NEC,FALSE,TRUE
Weber St,1100,Big Sky,FALSE,TRUE
Western Carolina,1100,Southern,FALSE,TRUE
Western Illinois,1100,MVFC,FALSE,TRUE
William & Mary,1100,CAA,FALSE,TRUE
Wofford,1100,Southern,FALSE,TRUE
Yale,1100,Ivy League,FALSE,TRUE
Youngstown St,1100,MVFC,FALSE,TRUE
Not D1,1100,D2,FALSE,FALSE