Date,Team,Opponent,Location,Neutral Site Location
8/25/2018,Colorado St.,Hawaii,H,
8/25/2018,Hawaii,Colorado St.,A,
8/25/2018,Massachusetts,Duquesne,H,
8/25/2018,Rice,Prairie View,H,
8/25/2018,New Mexico St.,Wyoming,H,
8/25/2018,Wyoming,New Mexico St.,A,
8/30/2018,Oklahoma St.,Missouri St.,H,
8/30/2018,San Jose St.,UC Davis,H,
8/30/2018,UAB,Savannah St.,H,
8/30/2018,Georgia St.,Kennesaw St.,H,
8/30/2018,Tulane,Wake Forest,H,
8/30/2018,Wake Forest,Tulane,A,
8/30/2018,La.-Monroe,Southeastern La.,H,
8/30/2018,Minnesota,New Mexico St.,H,
8/30/2018,New Mexico St.,Minnesota,A,
8/30/2018,Utah,Weber St.,H,
8/30/2018,UCF,UConn,A,
8/30/2018,UConn,UCF,H,
8/30/2018,Ball St.,Central Conn. St.,H,
8/30/2018,Northwestern,Purdue,A,
8/30/2018,Purdue,Northwestern,H,
8/30/2018,Texas A&M,Northwestern St.,H,
8/31/2018,Western Ky.,Wisconsin,A,
8/31/2018,Wisconsin,Western Ky.,H,
8/31/2018,Duke,Army West Point,H,
8/31/2018,Army West Point,Duke,A,
8/31/2018,San Diego St.,Stanford,A,
8/31/2018,Stanford,San Diego St.,H,
8/31/2018,Nevada,Portland St.,H,
8/31/2018,Syracuse,Western Mich.,A,
8/31/2018,Western Mich.,Syracuse,H,
8/31/2018,Michigan St.,Utah St.,H,
8/31/2018,Utah St.,Michigan St.,A,
8/31/2018,Colorado St.,Colorado,N,"Denver, Colo."
8/31/2018,Colorado,Colorado St.,N,"Denver, Colo."
8/31/2018,Eastern Mich.,Monmouth,H,
9/1/2018,Air Force,Stony Brook,H,
9/1/2018,UCLA,Cincinnati,H,
9/1/2018,Cincinnati,UCLA,A,
9/1/2018,Missouri,UT Martin,H,
9/1/2018,Louisiana,Grambling,H,
9/1/2018,Marshall,Miami (OH),A,
9/1/2018,Miami (OH),Marshall,H,
9/1/2018,North Texas,SMU,H,
9/1/2018,SMU,North Texas,A,
9/1/2018,South Carolina,Coastal Caro.,H,
9/1/2018,Baylor,Abilene Christian,H,
9/1/2018,TCU,Southern U.,H,
9/1/2018,Houston,Rice,A,
9/1/2018,Rice,Houston,H,
9/1/2018,UNLV,Southern California,A,
9/1/2018,Southern California,UNLV,H,
9/1/2018,Temple,Villanova,H,
9/1/2018,Rutgers,Texas St.,H,
9/1/2018,Texas St.,Rutgers,A,
9/1/2018,Memphis,Mercer,H,
9/1/2018,Kansas St.,South Dakota,H,
9/1/2018,Fresno St.,Idaho,H,
9/1/2018,Idaho,Fresno St.,A,
9/1/2018,Pittsburgh,Albany (NY),H,
9/1/2018,Charlotte,Fordham,H,
9/1/2018,NC State,James Madison,H,
9/1/2018,Arizona,BYU,H,
9/1/2018,BYU,Arizona,A,
9/1/2018,Iowa St.,South Dakota St.,H,
9/1/2018,UTEP,Northern Ariz.,H,
9/1/2018,Southern Miss.,Jackson St.,H,
9/1/2018,East Carolina,N.C. A&T,H,
9/1/2018,New Mexico,Incarnate Word,H,
9/1/2018,Arizona St.,UTSA,H,
9/1/2018,UTSA,Arizona St.,A,
9/1/2018,Appalachian St.,Penn St.,A,
9/1/2018,Penn St.,Appalachian St.,H,
9/1/2018,Florida,Charleston So.,H,
9/1/2018,Washington St.,Wyoming,A,
9/1/2018,Wyoming,Washington St.,H,
9/1/2018,Old Dominion,Liberty,A,
9/1/2018,Arkansas,Eastern Ill.,H,
9/1/2018,Arkansas St.,Southeast Mo. St.,H,
9/1/2018,FIU,Indiana,H,
9/1/2018,Indiana,FIU,A,
9/1/2018,California,North Carolina,H,
9/1/2018,North Carolina,California,A,
9/1/2018,Georgia Tech,Alcorn,H,
9/1/2018,Middle Tenn.,Vanderbilt,H,
9/1/2018,Vanderbilt,Middle Tenn.,A,
9/1/2018,Kansas,Nicholls St.,H,
9/1/2018,Louisiana Tech,South Alabama,A,
9/1/2018,South Alabama,Louisiana Tech,H,
9/1/2018,Boise St.,Troy,A,
9/1/2018,Troy,Boise St.,H,
9/1/2018,Ohio St.,Oregon St.,H,
9/1/2018,Oregon St.,Ohio St.,A,
9/1/2018,Akron,Nebraska,A,
9/1/2018,Nebraska,Akron,H,
9/1/2018,Iowa,Northern Ill.,H,
9/1/2018,Northern Ill.,Iowa,A,
9/1/2018,Central Mich.,Kentucky,A,
9/1/2018,Kentucky,Central Mich.,H,
9/1/2018,Fla. Atlantic,Oklahoma,A,
9/1/2018,Oklahoma,Fla. Atlantic,H,
9/1/2018,Michigan,Notre Dame,A,
9/1/2018,Notre Dame,Michigan,H,
9/1/2018,Clemson,Furman,H,
9/1/2018,Auburn,Washington,N,"Atlanta, GA"
9/1/2018,Washington,Auburn,N,"Atlanta, GA"
9/1/2018,Ole Miss,Texas Tech,N,"Houston, TX"
9/1/2018,Texas Tech,Ole Miss,N,"Houston, TX"
9/1/2018,Alabama,Louisville,N,"Orlando, FL"
9/1/2018,Louisville,Alabama,N,"Orlando, FL"
9/1/2018,Illinois,Kent St.,H,
9/1/2018,Kent St.,Illinois,A,
9/1/2018,Maryland,Texas,H,
9/1/2018,Texas,Maryland,A,
9/1/2018,Boston College,Massachusetts,H,
9/1/2018,Massachusetts,Boston College,A,
9/1/2018,Ohio,Howard,H,
9/1/2018,Georgia,Austin Peay,H,
9/1/2018,Tennessee,West Virginia,N,"Charlotte, N.C."
9/1/2018,West Virginia,Tennessee,N,"Charlotte, N.C."
9/1/2018,Hawaii,Navy,H,
9/1/2018,Navy,Hawaii,A,
9/1/2018,Bowling Green,Oregon,A,
9/1/2018,Oregon,Bowling Green,H,
9/1/2018,Ga. Southern,South Carolina St.,H,
9/1/2018,Tulsa,Central Ark.,H,
9/1/2018,Buffalo,Delaware St.,H,
9/1/2018,Virginia,Richmond,H,
9/1/2018,South Fla.,Elon,H,
9/1/2018,Mississippi St.,SFA,H,
9/1/2018,Toledo,VMI,H,
9/2/2018,LSU,Miami (FL),N,"Arlington, TX"
9/2/2018,Miami (FL),LSU,N,"Arlington, TX"
9/3/2018,Florida St.,Virginia Tech,H,
9/3/2018,Virginia Tech,Florida St.,A,
9/7/2018,SMU,TCU,H,
9/7/2018,TCU,SMU,A,
9/8/2018,Akron,Morgan St.,H,
9/8/2018,Indiana,Virginia,H,
9/8/2018,Virginia,Indiana,A,
9/8/2018,Florida St.,Samford,H,
9/8/2018,Missouri,Wyoming,H,
9/8/2018,Wyoming,Missouri,A,
9/8/2018,FIU,Old Dominion,A,
9/8/2018,Old Dominion,FIU,H,
9/8/2018,Texas Tech,Lamar University,H,
9/8/2018,New Mexico,Wisconsin,A,
9/8/2018,Wisconsin,New Mexico,H,
9/8/2018,UAB,Coastal Caro.,A,
9/8/2018,Baylor,UTSA,A,
9/8/2018,UTSA,Baylor,H,
9/8/2018,Oklahoma St.,South Alabama,H,
9/8/2018,South Alabama,Oklahoma St.,A,
9/8/2018,Cincinnati,Miami (OH),A,
9/8/2018,Miami (OH),Cincinnati,H,
9/8/2018,North Texas,Incarnate Word,H,
9/8/2018,Syracuse,Wagner,H,
9/8/2018,New Mexico St.,Utah St.,A,
9/8/2018,Utah St.,New Mexico St.,H,
9/8/2018,Wake Forest,Towson,H,
9/8/2018,Georgia,South Carolina,A,
9/8/2018,South Carolina,Georgia,H,
9/8/2018,Army West Point,Liberty,H,
9/8/2018,Marshall,Eastern Ky.,H,
9/8/2018,Southern California,Stanford,A,
9/8/2018,Stanford,Southern California,H,
9/8/2018,Louisiana Tech,Southern U.,H,
9/8/2018,Auburn,Alabama St.,H,
9/8/2018,UNLV,UTEP,H,
9/8/2018,UTEP,UNLV,A,
9/8/2018,Penn St.,Pittsburgh,A,
9/8/2018,Pittsburgh,Penn St.,H,
9/8/2018,Appalachian St.,Charlotte,A,
9/8/2018,Charlotte,Appalachian St.,H,
9/8/2018,Alabama,Arkansas St.,H,
9/8/2018,Arkansas St.,Alabama,A,
9/8/2018,Georgia St.,NC State,A,
9/8/2018,NC State,Georgia St.,H,
9/8/2018,Arizona,Houston,A,
9/8/2018,Houston,Arizona,H,
9/8/2018,La.-Monroe,Southern Miss.,A,
9/8/2018,Southern Miss.,La.-Monroe,H,
9/8/2018,East Carolina,North Carolina,H,
9/8/2018,North Carolina,East Carolina,A,
9/8/2018,Arizona St.,Michigan St.,H,
9/8/2018,Michigan St.,Arizona St.,A,
9/8/2018,Boston College,Holy Cross,H,
9/8/2018,Bowling Green,Maryland,H,
9/8/2018,Maryland,Bowling Green,A,
9/8/2018,Florida,Kentucky,H,
9/8/2018,Kentucky,Florida,A,
9/8/2018,Idaho,Western N.M.,H,
9/8/2018,BYU,California,H,
9/8/2018,California,BYU,A,
9/8/2018,UCLA,Oklahoma,A,
9/8/2018,Oklahoma,UCLA,H,
9/8/2018,UCF,South Carolina St.,H,
9/8/2018,Iowa St.,Iowa,A,
9/8/2018,Iowa,Iowa St.,H,
9/8/2018,Central Mich.,Kansas,H,
9/8/2018,Kansas,Central Mich.,A,
9/8/2018,Tulane,Nicholls St.,H,
9/8/2018,Fla. Atlantic,Air Force,H,
9/8/2018,Air Force,Fla. Atlantic,A,
9/8/2018,LSU,Southeastern La.,H,
9/8/2018,Louisville,Indiana St.,H,
9/8/2018,Ohio St.,Rutgers,H,
9/8/2018,Rutgers,Ohio St.,A,
9/8/2018,Troy,Florida A&M,H,
9/8/2018,Michigan,Western Mich.,H,
9/8/2018,Western Mich.,Michigan,A,
9/8/2018,Fresno St.,Minnesota,A,
9/8/2018,Minnesota,Fresno St.,H,
9/8/2018,Colorado,Nebraska,A,
9/8/2018,Nebraska,Colorado,H,
9/8/2018,Memphis,Navy,A,
9/8/2018,Navy,Memphis,H,
9/8/2018,San Jose St.,Washington St.,A,
9/8/2018,Washington St.,San Jose St.,H,
9/8/2018,Georgia Tech,South Fla.,A,
9/8/2018,South Fla.,Georgia Tech,H,
9/8/2018,Oregon St.,Southern Utah,H,
9/8/2018,Washington,North Dakota,H,
9/8/2018,Clemson,Texas A&M,A,
9/8/2018,Texas A&M,Clemson,H,
9/8/2018,Nevada,Vanderbilt,A,
9/8/2018,Vanderbilt,Nevada,H,
9/8/2018,Ball St.,Notre Dame,A,
9/8/2018,Notre Dame,Ball St.,H,
9/8/2018,Western Ky.,Maine,H,
9/8/2018,Miami (FL),Savannah St.,H,
9/8/2018,Duke,Northwestern,A,
9/8/2018,Northwestern,Duke,H,
9/8/2018,Kansas St.,Mississippi St.,H,
9/8/2018,Mississippi St.,Kansas St.,A,
9/8/2018,Oregon,Portland St.,H,
9/8/2018,Eastern Mich.,Purdue,A,
9/8/2018,Purdue,Eastern Mich.,H,
9/8/2018,Virginia Tech,William & Mary,H,
9/8/2018,Ole Miss,Southern Ill.,H,
9/8/2018,Buffalo,Temple,A,
9/8/2018,Temple,Buffalo,H,
9/8/2018,Kent St.,Howard,H,
9/8/2018,Tennessee,ETSU,H,
9/8/2018,Arkansas,Colorado St.,A,
9/8/2018,Colorado St.,Arkansas,H,
9/8/2018,Northern Ill.,Utah,H,
9/8/2018,Utah,Northern Ill.,A,
9/8/2018,Ga. Southern,Massachusetts,H,
9/8/2018,Massachusetts,Ga. Southern,A,
9/8/2018,Hawaii,Rice,H,
9/8/2018,Rice,Hawaii,A,
9/8/2018,Texas St.,Texas Southern,H,
9/8/2018,San Diego St.,Sacramento St.,H,
9/8/2018,Middle Tenn.,UT Martin,H,
9/8/2018,West Virginia,Youngstown St.,H,
9/8/2018,Illinois,Western Ill.,H,
9/8/2018,Texas,Tulsa,H,
9/8/2018,Tulsa,Texas,A,
9/8/2018,Boise St.,UConn,H,
9/8/2018,UConn,Boise St.,A,
9/13/2018,Utah St.,Tennessee Tech,H,
9/13/2018,Boston College,Wake Forest,A,
9/13/2018,Wake Forest,Boston College,H,
9/14/2018,Georgia St.,Memphis,A,
9/14/2018,Memphis,Georgia St.,H,
9/15/2018,Miami (FL),Toledo,A,
9/15/2018,Toledo,Miami (FL),H,
9/15/2018,Ball St.,Indiana,A,
9/15/2018,Indiana,Ball St.,H,
9/15/2018,Fresno St.,UCLA,A,
9/15/2018,UCLA,Fresno St.,H,
9/15/2018,Houston,Texas Tech,A,
9/15/2018,Texas Tech,Houston,H,
9/15/2018,BYU,Wisconsin,A,
9/15/2018,Wisconsin,BYU,H,
9/15/2018,Boise St.,Oklahoma St.,A,
9/15/2018,Oklahoma St.,Boise St.,H,
9/15/2018,UAB,Tulane,H,
9/15/2018,Tulane,UAB,A,
9/15/2018,Florida St.,Syracuse,A,
9/15/2018,Syracuse,Florida St.,H,
9/15/2018,Marshall,South Carolina,A,
9/15/2018,South Carolina,Marshall,H,
9/15/2018,Baylor,Duke,H,
9/15/2018,Duke,Baylor,A,
9/15/2018,Hawaii,Army West Point,A,
9/15/2018,Army West Point,Hawaii,H,
9/15/2018,Stanford,UC Davis,H,
9/15/2018,Auburn,LSU,H,
9/15/2018,LSU,Auburn,A,
9/15/2018,UNLV,Prairie View,H,
9/15/2018,Kansas St.,UTSA,H,
9/15/2018,UTSA,Kansas St.,A,
9/15/2018,Georgia Tech,Pittsburgh,A,
9/15/2018,Pittsburgh,Georgia Tech,H,
9/15/2018,Charlotte,Old Dominion,H,
9/15/2018,Old Dominion,Charlotte,A,
9/15/2018,NC State,West Virginia,H,
9/15/2018,West Virginia,NC State,A,
9/15/2018,Arizona,Southern Utah,H,
9/15/2018,Iowa St.,Oklahoma,H,
9/15/2018,Oklahoma,Iowa St.,A,
9/15/2018,Nevada,Oregon St.,H,
9/15/2018,Oregon St.,Nevada,A,
9/15/2018,Appalachian St.,Southern Miss.,H,
9/15/2018,Southern Miss.,Appalachian St.,A,
9/15/2018,Western Mich.,Delaware St.,H,
9/15/2018,Kent St.,Penn St.,A,
9/15/2018,Penn St.,Kent St.,H,
9/15/2018,Central Mich.,Northern Ill.,A,
9/15/2018,Northern Ill.,Central Mich.,H,
9/15/2018,Colorado St.,Florida,A,
9/15/2018,Florida,Colorado St.,H,
9/15/2018,Arizona St.,San Diego St.,A,
9/15/2018,San Diego St.,Arizona St.,H,
9/15/2018,Arkansas,North Texas,H,
9/15/2018,North Texas,Arkansas,A,
9/15/2018,California,Idaho St.,H,
9/15/2018,UCF,North Carolina,A,
9/15/2018,North Carolina,UCF,H,
9/15/2018,Fla. Atlantic,Bethune-Cookman,H,
9/15/2018,Louisville,Western Ky.,H,
9/15/2018,Western Ky.,Louisville,A,
9/15/2018,FIU,Massachusetts,H,
9/15/2018,Massachusetts,FIU,A,
9/15/2018,Kansas,Rutgers,H,
9/15/2018,Rutgers,Kansas,A,
9/15/2018,Michigan,SMU,H,
9/15/2018,SMU,Michigan,A,
9/15/2018,Maryland,Temple,H,
9/15/2018,Temple,Maryland,A,
9/15/2018,Nebraska,Troy,H,
9/15/2018,Troy,Nebraska,A,
9/15/2018,Miami (OH),Minnesota,A,
9/15/2018,Minnesota,Miami (OH),H,
9/15/2018,Missouri,Purdue,A,
9/15/2018,Purdue,Missouri,H,
9/15/2018,Navy,Lehigh,H,
9/15/2018,Cincinnati,Alabama A&M,H,
9/15/2018,Washington St.,Eastern Wash.,H,
9/15/2018,Colorado,New Hampshire,H,
9/15/2018,La.-Monroe,Texas A&M,A,
9/15/2018,Texas A&M,La.-Monroe,H,
9/15/2018,Georgia,Middle Tenn.,H,
9/15/2018,Middle Tenn.,Georgia,A,
9/15/2018,Notre Dame,Vanderbilt,H,
9/15/2018,Vanderbilt,Notre Dame,A,
9/15/2018,Ohio St.,TCU,N,"Arlington, TX"
9/15/2018,TCU,Ohio St.,N,"Arlington, TX"
9/15/2018,Illinois,South Fla.,N,"Chicago, IL"
9/15/2018,South Fla.,Illinois,N,"Chicago, IL"
9/15/2018,Kentucky,Murray St.,H,
9/15/2018,UConn,Rhode Island,H,
9/15/2018,Tennessee,UTEP,H,
9/15/2018,UTEP,Tennessee,A,
9/15/2018,East Carolina,Virginia Tech,A,
9/15/2018,Virginia Tech,East Carolina,H,
9/15/2018,Oregon,San Jose St.,H,
9/15/2018,San Jose St.,Oregon,A,
9/15/2018,Ohio,Virginia,A,
9/15/2018,Virginia,Ohio,H,
9/15/2018,Clemson,Ga. Southern,H,
9/15/2018,Ga. Southern,Clemson,A,
9/15/2018,Wyoming,Wofford,H,
9/15/2018,Bowling Green,Eastern Ky.,H,
9/15/2018,Arkansas St.,Tulsa,A,
9/15/2018,Tulsa,Arkansas St.,H,
9/15/2018,Buffalo,Eastern Mich.,H,
9/15/2018,Eastern Mich.,Buffalo,A,
9/15/2018,New Mexico St.,New Mexico,H,
9/15/2018,New Mexico,New Mexico St.,A,
9/15/2018,Alabama,Ole Miss,A,
9/15/2018,Ole Miss,Alabama,H,
9/15/2018,South Alabama,Texas St.,H,
9/15/2018,Texas St.,South Alabama,A,
9/15/2018,Mississippi St.,Louisiana,H,
9/15/2018,Louisiana,Mississippi St.,A,
9/15/2018,Akron,Northwestern,A,
9/15/2018,Northwestern,Akron,H,
9/15/2018,Iowa,UNI,H,
9/15/2018,Southern California,Texas,A,
9/15/2018,Texas,Southern California,H,
9/15/2018,Utah,Washington,H,
9/15/2018,Washington,Utah,A,
9/20/2018,Temple,Tulsa,H,
9/20/2018,Tulsa,Temple,A,
9/21/2018,Southern California,Washington St.,H,
9/21/2018,Washington St.,Southern California,A,
9/21/2018,UCF,Fla. Atlantic,H,
9/21/2018,Fla. Atlantic,UCF,A,
9/21/2018,Illinois,Penn St.,H,
9/21/2018,Penn St.,Illinois,A,
9/22/2018,Colorado St.,Illinois St.,H,
9/22/2018,Indiana,Michigan St.,H,
9/22/2018,Michigan St.,Indiana,A,
9/22/2018,Florida St.,Northern Ill.,H,
9/22/2018,Northern Ill.,Florida St.,A,
9/22/2018,Georgia,Missouri,A,
9/22/2018,Missouri,Georgia,H,
9/22/2018,Louisiana,Coastal Caro.,H,
9/22/2018,Texas St.,UTSA,A,
9/22/2018,UTSA,Texas St.,H,
9/22/2018,Oklahoma St.,Texas Tech,H,
9/22/2018,Texas Tech,Oklahoma St.,A,
9/22/2018,North Texas,Liberty,A,
9/22/2018,Duke,N.C. Central,H,
9/22/2018,UConn,Syracuse,A,
9/22/2018,Syracuse,UConn,H,
9/22/2018,Air Force,Utah St.,A,
9/22/2018,Utah St.,Air Force,H,
9/22/2018,Notre Dame,Wake Forest,A,
9/22/2018,Wake Forest,Notre Dame,H,
9/22/2018,Baylor,Kansas,H,
9/22/2018,Kansas,Baylor,A,
9/22/2018,Marshall,NC State,H,
9/22/2018,NC State,Marshall,A,
9/22/2018,SMU,Navy,H,
9/22/2018,Navy,SMU,A,
9/22/2018,Georgia St.,Western Mich.,H,
9/22/2018,Western Mich.,Georgia St.,A,
9/22/2018,Idaho,UC Davis,A,
9/22/2018,Buffalo,Rutgers,A,
9/22/2018,Rutgers,Buffalo,H,
9/22/2018,Memphis,South Alabama,H,
9/22/2018,South Alabama,Memphis,A,
9/22/2018,Arkansas,Auburn,A,
9/22/2018,Auburn,Arkansas,H,
9/22/2018,Florida,Tennessee,A,
9/22/2018,Tennessee,Florida,H,
9/22/2018,Alabama,Texas A&M,H,
9/22/2018,Texas A&M,Alabama,A,
9/22/2018,TCU,Texas,A,
9/22/2018,Texas,TCU,H,
9/22/2018,Akron,Iowa St.,A,
9/22/2018,Iowa St.,Akron,H,
9/22/2018,Ball St.,Western Ky.,H,
9/22/2018,Western Ky.,Ball St.,A,
9/22/2018,New Mexico St.,UTEP,A,
9/22/2018,UTEP,New Mexico St.,H,
9/22/2018,Houston,Texas Southern,H,
9/22/2018,Rice,Southern Miss.,A,
9/22/2018,Southern Miss.,Rice,H,
9/22/2018,Appalachian St.,Gardner-Webb,H,
9/22/2018,Old Dominion,Virginia Tech,H,
9/22/2018,Virginia Tech,Old Dominion,A,
9/22/2018,Bowling Green,Miami (OH),H,
9/22/2018,Miami (OH),Bowling Green,A,
9/22/2018,Louisville,Virginia,A,
9/22/2018,Virginia,Louisville,H,
9/22/2018,Arkansas St.,UNLV,H,
9/22/2018,UNLV,Arkansas St.,A,
9/22/2018,Kent St.,Ole Miss,A,
9/22/2018,Ole Miss,Kent St.,H,
9/22/2018,BYU,McNeese,H,
9/22/2018,South Carolina,Vanderbilt,A,
9/22/2018,Vanderbilt,South Carolina,H,
9/22/2018,Iowa,Wisconsin,H,
9/22/2018,Wisconsin,Iowa,A,
9/22/2018,Arizona St.,Washington,A,
9/22/2018,Washington,Arizona St.,H,
9/22/2018,Central Mich.,Maine,H,
9/22/2018,Clemson,Georgia Tech,A,
9/22/2018,Georgia Tech,Clemson,H,
9/22/2018,LSU,Louisiana Tech,H,
9/22/2018,Louisiana Tech,LSU,A,
9/22/2018,La.-Monroe,Troy,H,
9/22/2018,Troy,La.-Monroe,A,
9/22/2018,Ohio St.,Tulane,H,
9/22/2018,Tulane,Ohio St.,A,
9/22/2018,Michigan,Nebraska,H,
9/22/2018,Nebraska,Michigan,A,
9/22/2018,Maryland,Minnesota,H,
9/22/2018,Minnesota,Maryland,A,
9/22/2018,Boston College,Purdue,A,
9/22/2018,Purdue,Boston College,H,
9/22/2018,Cincinnati,Ohio,H,
9/22/2018,Ohio,Cincinnati,A,
9/22/2018,East Carolina,South Fla.,A,
9/22/2018,South Fla.,East Carolina,H,
9/22/2018,Arizona,Oregon St.,A,
9/22/2018,Oregon St.,Arizona,H,
9/22/2018,Kansas St.,West Virginia,A,
9/22/2018,West Virginia,Kansas St.,H,
9/22/2018,Kentucky,Mississippi St.,H,
9/22/2018,Mississippi St.,Kentucky,A,
9/22/2018,Oklahoma,Army West Point,H,
9/22/2018,Army West Point,Oklahoma,A,
9/22/2018,FIU,Miami (FL),A,
9/22/2018,Miami (FL),FIU,H,
9/22/2018,North Carolina,Pittsburgh,H,
9/22/2018,Pittsburgh,North Carolina,A,
9/22/2018,Oregon,Stanford,H,
9/22/2018,Stanford,Oregon,A,
9/22/2018,Massachusetts,Charlotte,H,
9/22/2018,Charlotte,Massachusetts,A,
9/22/2018,Hawaii,Duquesne,H,
9/22/2018,Nevada,Toledo,A,
9/22/2018,Toledo,Nevada,H,
9/22/2018,Eastern Mich.,San Diego St.,A,
9/22/2018,San Diego St.,Eastern Mich.,H,
9/27/2018,Miami (FL),North Carolina,H,
9/27/2018,North Carolina,Miami (FL),A,
9/28/2018,UCLA,Colorado,A,
9/28/2018,Colorado,UCLA,H,
9/28/2018,Memphis,Tulane,A,
9/28/2018,Tulane,Memphis,H,
9/29/2018,Nevada,Air Force,A,
9/29/2018,Air Force,Nevada,H,
9/29/2018,Arkansas St.,Ga. Southern,A,
9/29/2018,Ga. Southern,Arkansas St.,H,
9/29/2018,Texas Tech,West Virginia,H,
9/29/2018,West Virginia,Texas Tech,A,
9/29/2018,UTEP,UTSA,A,
9/29/2018,UTSA,UTEP,H,
9/29/2018,Duke,Virginia Tech,H,
9/29/2018,Virginia Tech,Duke,A,
9/29/2018,Hawaii,San Jose St.,A,
9/29/2018,San Jose St.,Hawaii,H,
9/29/2018,UAB,Charlotte,H,
9/29/2018,Charlotte,UAB,A,
9/29/2018,Florida,Mississippi St.,A,
9/29/2018,Mississippi St.,Florida,H,
9/29/2018,Miami (OH),Western Mich.,H,
9/29/2018,Western Mich.,Miami (OH),A,
9/29/2018,Cincinnati,UConn,A,
9/29/2018,UConn,Cincinnati,H,
9/29/2018,Louisiana Tech,North Texas,A,
9/29/2018,North Texas,Louisiana Tech,H,
9/29/2018,Rice,Wake Forest,A,
9/29/2018,Wake Forest,Rice,H,
9/29/2018,Iowa St.,TCU,A,
9/29/2018,TCU,Iowa St.,H,
9/29/2018,SMU,Houston Baptist,H,
9/29/2018,Michigan,Northwestern,A,
9/29/2018,Northwestern,Michigan,H,
9/29/2018,Georgia St.,La.-Monroe,H,
9/29/2018,La.-Monroe,Georgia St.,A,
9/29/2018,Buffalo,Army West Point,H,
9/29/2018,Army West Point,Buffalo,A,
9/29/2018,Indiana,Rutgers,A,
9/29/2018,Rutgers,Indiana,H,
9/29/2018,Auburn,Southern Miss.,H,
9/29/2018,Southern Miss.,Auburn,A,
9/29/2018,Kansas St.,Texas,H,
9/29/2018,Texas,Kansas St.,A,
9/29/2018,Fresno St.,Toledo,H,
9/29/2018,Toledo,Fresno St.,A,
9/29/2018,Alabama,Louisiana,H,
9/29/2018,Louisiana,Alabama,A,
9/29/2018,Massachusetts,Ohio,A,
9/29/2018,Ohio,Massachusetts,H,
9/29/2018,NC State,Virginia,H,
9/29/2018,Virginia,NC State,A,
9/29/2018,Arizona,Southern California,H,
9/29/2018,Southern California,Arizona,A,
9/29/2018,Ball St.,Kent St.,H,
9/29/2018,Kent St.,Ball St.,A,
9/29/2018,East Carolina,Old Dominion,H,
9/29/2018,Old Dominion,East Carolina,A,
9/29/2018,New Mexico,Liberty,H,
9/29/2018,Arizona St.,Oregon St.,H,
9/29/2018,Oregon St.,Arizona St.,A,
9/29/2018,Appalachian St.,South Alabama,H,
9/29/2018,South Alabama,Appalachian St.,A,
9/29/2018,Boston College,Temple,H,
9/29/2018,Temple,Boston College,A,
9/29/2018,Ohio St.,Penn St.,A,
9/29/2018,Penn St.,Ohio St.,H,
9/29/2018,Idaho,Portland St.,H,
9/29/2018,Boise St.,Wyoming,A,
9/29/2018,Wyoming,Boise St.,H,
9/29/2018,California,Oregon,H,
9/29/2018,Oregon,California,A,
9/29/2018,UCF,Pittsburgh,H,
9/29/2018,Pittsburgh,UCF,A,
9/29/2018,Kentucky,South Carolina,H,
9/29/2018,South Carolina,Kentucky,A,
9/29/2018,Florida St.,Louisville,A,
9/29/2018,Louisville,Florida St.,H,
9/29/2018,Bowling Green,Georgia Tech,A,
9/29/2018,Georgia Tech,Bowling Green,H,
9/29/2018,Fla. Atlantic,Middle Tenn.,A,
9/29/2018,Middle Tenn.,Fla. Atlantic,H,
9/29/2018,LSU,Ole Miss,H,
9/29/2018,Ole Miss,LSU,A,
9/29/2018,FIU,Ark.-Pine Bluff,H,
9/29/2018,Kansas,Oklahoma St.,H,
9/29/2018,Oklahoma St.,Kansas,A,
9/29/2018,Troy,Coastal Caro.,H,
9/29/2018,Central Mich.,Michigan St.,A,
9/29/2018,Michigan St.,Central Mich.,H,
9/29/2018,Nebraska,Purdue,H,
9/29/2018,Purdue,Nebraska,A,
9/29/2018,Utah,Washington St.,A,
9/29/2018,Washington St.,Utah,H,
9/29/2018,BYU,Washington,A,
9/29/2018,Washington,BYU,H,
9/29/2018,Baylor,Oklahoma,A,
9/29/2018,Oklahoma,Baylor,H,
9/29/2018,Vanderbilt,Tennessee St.,H,
9/29/2018,Georgia,Tennessee,H,
9/29/2018,Tennessee,Georgia,A,
9/29/2018,Notre Dame,Stanford,H,
9/29/2018,Stanford,Notre Dame,A,
9/29/2018,Marshall,Western Ky.,A,
9/29/2018,Western Ky.,Marshall,H,
9/29/2018,Clemson,Syracuse,H,
9/29/2018,Syracuse,Clemson,A,
9/29/2018,Arkansas,Texas A&M,N,"Arlington, TX"
9/29/2018,Texas A&M,Arkansas,N,"Arlington, TX"
9/29/2018,Eastern Mich.,Northern Ill.,H,
9/29/2018,Northern Ill.,Eastern Mich.,A,
10/4/2018,Houston,Tulsa,H,
10/4/2018,Tulsa,Houston,A,
10/4/2018,Georgia St.,Troy,A,
10/4/2018,Troy,Georgia St.,H,
10/5/2018,Marshall,Middle Tenn.,H,
10/5/2018,Middle Tenn.,Marshall,A,
10/5/2018,BYU,Utah St.,H,
10/5/2018,Utah St.,BYU,A,
10/5/2018,Georgia Tech,Louisville,A,
10/5/2018,Louisville,Georgia Tech,H,
10/6/2018,Air Force,Navy,H,
10/6/2018,Navy,Air Force,A,
10/6/2018,Akron,Miami (OH),H,
10/6/2018,Miami (OH),Akron,A,
10/6/2018,Ga. Southern,South Alabama,H,
10/6/2018,South Alabama,Ga. Southern,A,
10/6/2018,Bowling Green,Toledo,A,
10/6/2018,Toledo,Bowling Green,H,
10/6/2018,Notre Dame,Virginia Tech,A,
10/6/2018,Virginia Tech,Notre Dame,H,
10/6/2018,UCLA,Washington,H,
10/6/2018,Washington,UCLA,A,
10/6/2018,Nebraska,Wisconsin,A,
10/6/2018,Wisconsin,Nebraska,H,
10/6/2018,Iowa St.,Oklahoma St.,A,
10/6/2018,Oklahoma St.,Iowa St.,H,
10/6/2018,Colorado St.,San Jose St.,A,
10/6/2018,San Jose St.,Colorado St.,H,
10/6/2018,Auburn,Mississippi St.,A,
10/6/2018,Mississippi St.,Auburn,H,
10/6/2018,Clemson,Wake Forest,A,
10/6/2018,Wake Forest,Clemson,H,
10/6/2018,Missouri,South Carolina,A,
10/6/2018,South Carolina,Missouri,H,
10/6/2018,Baylor,Kansas St.,H,
10/6/2018,Kansas St.,Baylor,A,
10/6/2018,Rice,UTSA,H,
10/6/2018,UTSA,Rice,A,
10/6/2018,Stanford,Utah,H,
10/6/2018,Utah,Stanford,A,
10/6/2018,East Carolina,Temple,A,
10/6/2018,Temple,East Carolina,H,
10/6/2018,UAB,Louisiana Tech,A,
10/6/2018,Louisiana Tech,UAB,H,
10/6/2018,Illinois,Rutgers,A,
10/6/2018,Rutgers,Illinois,H,
10/6/2018,UConn,Memphis,A,
10/6/2018,Memphis,UConn,H,
10/6/2018,UNLV,New Mexico,H,
10/6/2018,New Mexico,UNLV,A,
10/6/2018,Pittsburgh,Syracuse,H,
10/6/2018,Syracuse,Pittsburgh,A,
10/6/2018,Boston College,NC State,A,
10/6/2018,NC State,Boston College,H,
10/6/2018,Arizona,California,H,
10/6/2018,California,Arizona,A,
10/6/2018,Ball St.,Northern Ill.,H,
10/6/2018,Northern Ill.,Ball St.,A,
10/6/2018,North Texas,UTEP,A,
10/6/2018,UTEP,North Texas,H,
10/6/2018,Fresno St.,Nevada,A,
10/6/2018,Nevada,Fresno St.,H,
10/6/2018,Kent St.,Ohio,H,
10/6/2018,Ohio,Kent St.,A,
10/6/2018,Florida,LSU,H,
10/6/2018,LSU,Florida,A,
10/6/2018,Alabama,Arkansas,A,
10/6/2018,Arkansas,Alabama,H,
10/6/2018,Ole Miss,La.-Monroe,H,
10/6/2018,La.-Monroe,Ole Miss,A,
10/6/2018,Boise St.,San Diego St.,H,
10/6/2018,San Diego St.,Boise St.,A,
10/6/2018,Indiana,Ohio St.,A,
10/6/2018,Ohio St.,Indiana,H,
10/6/2018,UCF,SMU,H,
10/6/2018,SMU,UCF,A,
10/6/2018,Arizona St.,Colorado,A,
10/6/2018,Colorado,Arizona St.,H,
10/6/2018,Florida St.,Miami (FL),A,
10/6/2018,Miami (FL),Florida St.,H,
10/6/2018,Buffalo,Central Mich.,A,
10/6/2018,Central Mich.,Buffalo,H,
10/6/2018,Fla. Atlantic,Old Dominion,H,
10/6/2018,Old Dominion,Fla. Atlantic,A,
10/6/2018,Maryland,Michigan,A,
10/6/2018,Michigan,Maryland,H,
10/6/2018,Iowa,Minnesota,A,
10/6/2018,Minnesota,Iowa,H,
10/6/2018,Cincinnati,Tulane,H,
10/6/2018,Tulane,Cincinnati,A,
10/6/2018,Oregon St.,Washington St.,H,
10/6/2018,Washington St.,Oregon St.,A,
10/6/2018,Kansas,West Virginia,A,
10/6/2018,West Virginia,Kansas,H,
10/6/2018,Kentucky,Texas A&M,A,
10/6/2018,Texas A&M,Kentucky,H,
10/6/2018,Georgia,Vanderbilt,H,
10/6/2018,Vanderbilt,Georgia,A,
10/6/2018,Idaho,Idaho St.,A,
10/6/2018,Oklahoma,Texas,N,"Dallas, Texas / Cotton Bowl"
10/6/2018,Texas,Oklahoma,N,"Dallas, Texas / Cotton Bowl"
10/6/2018,Michigan St.,Northwestern,H,
10/6/2018,Northwestern,Michigan St.,A,
10/6/2018,Eastern Mich.,Western Mich.,A,
10/6/2018,Western Mich.,Eastern Mich.,H,
10/6/2018,Massachusetts,South Fla.,H,
10/6/2018,South Fla.,Massachusetts,A,
10/6/2018,Hawaii,Wyoming,H,
10/6/2018,Wyoming,Hawaii,A,
10/6/2018,New Mexico St.,Liberty,H,
10/6/2018,Texas St.,Louisiana,H,
10/6/2018,Louisiana,Texas St.,A,
10/9/2018,Appalachian St.,Arkansas St.,A,
10/9/2018,Arkansas St.,Appalachian St.,H,
10/11/2018,TCU,Texas Tech,H,
10/11/2018,Texas Tech,TCU,A,
10/11/2018,Ga. Southern,Texas St.,A,
10/11/2018,Texas St.,Ga. Southern,H,
10/12/2018,South Fla.,Tulsa,A,
10/12/2018,Tulsa,South Fla.,H,
10/12/2018,Arizona,Utah,A,
10/12/2018,Utah,Arizona,H,
10/12/2018,San Diego St.,Air Force,H,
10/12/2018,Air Force,San Diego St.,A,
10/13/2018,Colorado St.,New Mexico,H,
10/13/2018,New Mexico,Colorado St.,A,
10/13/2018,Eastern Mich.,Toledo,H,
10/13/2018,Toledo,Eastern Mich.,A,
10/13/2018,Indiana,Iowa,H,
10/13/2018,Iowa,Indiana,A,
10/13/2018,Marshall,Old Dominion,A,
10/13/2018,Old Dominion,Marshall,H,
10/13/2018,New Mexico St.,Louisiana,A,
10/13/2018,Louisiana,New Mexico St.,H,
10/13/2018,La.-Monroe,Coastal Caro.,A,
10/13/2018,Louisiana Tech,UTSA,A,
10/13/2018,UTSA,Louisiana Tech,H,
10/13/2018,Troy,Liberty,A,
10/13/2018,San Jose St.,Army West Point,H,
10/13/2018,Army West Point,San Jose St.,A,
10/13/2018,Kent St.,Miami (OH),A,
10/13/2018,Miami (OH),Kent St.,H,
10/13/2018,Illinois,Purdue,H,
10/13/2018,Purdue,Illinois,A,
10/13/2018,North Texas,Southern Miss.,H,
10/13/2018,Southern Miss.,North Texas,A,
10/13/2018,UNLV,Utah St.,A,
10/13/2018,Utah St.,UNLV,H,
10/13/2018,South Carolina,Texas A&M,H,
10/13/2018,Texas A&M,South Carolina,A,
10/13/2018,UAB,Rice,A,
10/13/2018,Rice,UAB,H,
10/13/2018,Colorado,Southern California,A,
10/13/2018,Southern California,Colorado,H,
10/13/2018,Akron,Buffalo,A,
10/13/2018,Buffalo,Akron,H,
10/13/2018,UCF,Memphis,A,
10/13/2018,Memphis,UCF,H,
10/13/2018,Auburn,Tennessee,H,
10/13/2018,Tennessee,Auburn,A,
10/13/2018,Kansas St.,Oklahoma St.,H,
10/13/2018,Oklahoma St.,Kansas St.,A,
10/13/2018,Fresno St.,Wyoming,H,
10/13/2018,Wyoming,Fresno St.,A,
10/13/2018,Charlotte,Western Ky.,H,
10/13/2018,Western Ky.,Charlotte,A,
10/13/2018,Alabama,Missouri,H,
10/13/2018,Missouri,Alabama,A,
10/13/2018,Baylor,Texas,A,
10/13/2018,Texas,Baylor,H,
10/13/2018,Iowa St.,West Virginia,H,
10/13/2018,West Virginia,Iowa St.,A,
10/13/2018,East Carolina,Houston,H,
10/13/2018,Houston,East Carolina,A,
10/13/2018,Boise St.,Nevada,A,
10/13/2018,Nevada,Boise St.,H,
10/13/2018,Boston College,Louisville,H,
10/13/2018,Louisville,Boston College,A,
10/13/2018,Michigan St.,Penn St.,A,
10/13/2018,Penn St.,Michigan St.,H,
10/13/2018,Bowling Green,Western Mich.,H,
10/13/2018,Western Mich.,Bowling Green,A,
10/13/2018,Northern Ill.,Ohio,H,
10/13/2018,Ohio,Northern Ill.,A,
10/13/2018,Miami (FL),Virginia,A,
10/13/2018,Virginia,Miami (FL),H,
10/13/2018,Arkansas,Ole Miss,H,
10/13/2018,Ole Miss,Arkansas,A,
10/13/2018,BYU,Hawaii,H,
10/13/2018,Hawaii,BYU,A,
10/13/2018,California,UCLA,H,
10/13/2018,UCLA,California,A,
10/13/2018,Michigan,Wisconsin,H,
10/13/2018,Wisconsin,Michigan,A,
10/13/2018,Florida,Vanderbilt,A,
10/13/2018,Vanderbilt,Florida,H,
10/13/2018,Ball St.,Central Mich.,A,
10/13/2018,Central Mich.,Ball St.,H,
10/13/2018,Duke,Georgia Tech,A,
10/13/2018,Georgia Tech,Duke,H,
10/13/2018,FIU,Middle Tenn.,H,
10/13/2018,Middle Tenn.,FIU,A,
10/13/2018,Georgia,LSU,A,
10/13/2018,LSU,Georgia,H,
10/13/2018,South Alabama,Alabama St.,H,
10/13/2018,Minnesota,Ohio St.,A,
10/13/2018,Ohio St.,Minnesota,H,
10/13/2018,Maryland,Rutgers,H,
10/13/2018,Rutgers,Maryland,A,
10/13/2018,Temple,Navy,A,
10/13/2018,Navy,Temple,H,
10/13/2018,North Carolina,Virginia Tech,H,
10/13/2018,Virginia Tech,North Carolina,A,
10/13/2018,Notre Dame,Pittsburgh,H,
10/13/2018,Pittsburgh,Notre Dame,A,
10/13/2018,Idaho,Montana St.,A,
10/13/2018,Nebraska,Northwestern,A,
10/13/2018,Northwestern,Nebraska,H,
10/13/2018,Oregon,Washington,H,
10/13/2018,Washington,Oregon,A,
10/18/2018,Arizona St.,Stanford,H,
10/18/2018,Stanford,Arizona St.,A,
10/18/2018,Arkansas St.,Georgia St.,H,
10/18/2018,Georgia St.,Arkansas St.,A,
10/19/2018,UNLV,Air Force,H,
10/19/2018,Air Force,UNLV,A,
10/19/2018,Boise St.,Colorado St.,H,
10/19/2018,Colorado St.,Boise St.,A,
10/20/2018,Buffalo,Toledo,A,
10/20/2018,Toledo,Buffalo,H,
10/20/2018,Indiana,Penn St.,H,
10/20/2018,Penn St.,Indiana,A,
10/20/2018,Arizona,UCLA,A,
10/20/2018,UCLA,Arizona,H,
10/20/2018,Florida St.,Wake Forest,H,
10/20/2018,Wake Forest,Florida St.,A,
10/20/2018,Memphis,Missouri,A,
10/20/2018,Missouri,Memphis,H,
10/20/2018,Kansas,Texas Tech,A,
10/20/2018,Texas Tech,Kansas,H,
10/20/2018,Illinois,Wisconsin,A,
10/20/2018,Wisconsin,Illinois,H,
10/20/2018,Duke,Virginia,H,
10/20/2018,Virginia,Duke,A,
10/20/2018,UAB,North Texas,H,
10/20/2018,North Texas,UAB,A,
10/20/2018,North Carolina,Syracuse,A,
10/20/2018,Syracuse,North Carolina,H,
10/20/2018,Miami (OH),Army West Point,A,
10/20/2018,Army West Point,Miami (OH),H,
10/20/2018,Oklahoma,TCU,A,
10/20/2018,TCU,Oklahoma,H,
10/20/2018,Fla. Atlantic,Marshall,A,
10/20/2018,Marshall,Fla. Atlantic,H,
10/20/2018,Cincinnati,Temple,A,
10/20/2018,Temple,Cincinnati,H,
10/20/2018,Louisiana Tech,UTEP,H,
10/20/2018,UTEP,Louisiana Tech,A,
10/20/2018,Alabama,Tennessee,A,
10/20/2018,Tennessee,Alabama,H,
10/20/2018,Bowling Green,Ohio,A,
10/20/2018,Ohio,Bowling Green,H,
10/20/2018,Southern Miss.,UTSA,H,
10/20/2018,UTSA,Southern Miss.,A,
10/20/2018,UCF,East Carolina,A,
10/20/2018,East Carolina,UCF,H,
10/20/2018,Fresno St.,New Mexico,A,
10/20/2018,New Mexico,Fresno St.,H,
10/20/2018,Appalachian St.,Louisiana,H,
10/20/2018,Louisiana,Appalachian St.,A,
10/20/2018,Utah St.,Wyoming,A,
10/20/2018,Wyoming,Utah St.,H,
10/20/2018,Akron,Kent St.,A,
10/20/2018,Kent St.,Akron,H,
10/20/2018,Idaho,Southern Utah,H,
10/20/2018,San Diego St.,San Jose St.,H,
10/20/2018,San Jose St.,San Diego St.,A,
10/20/2018,Arkansas,Tulsa,H,
10/20/2018,Tulsa,Arkansas,A,
10/20/2018,Auburn,Ole Miss,A,
10/20/2018,Ole Miss,Auburn,H,
10/20/2018,California,Oregon St.,A,
10/20/2018,Oregon St.,California,H,
10/20/2018,Central Mich.,Western Mich.,H,
10/20/2018,Western Mich.,Central Mich.,A,
10/20/2018,Middle Tenn.,Charlotte,H,
10/20/2018,Charlotte,Middle Tenn.,A,
10/20/2018,SMU,Tulane,A,
10/20/2018,Tulane,SMU,H,
10/20/2018,FIU,Rice,H,
10/20/2018,Rice,FIU,A,
10/20/2018,La.-Monroe,Texas St.,H,
10/20/2018,Texas St.,La.-Monroe,A,
10/20/2018,Michigan St.,Michigan,H,
10/20/2018,Michigan,Michigan St.,A,
10/20/2018,Minnesota,Nebraska,A,
10/20/2018,Nebraska,Minnesota,H,
10/20/2018,Ohio St.,Purdue,A,
10/20/2018,Purdue,Ohio St.,H,
10/20/2018,Houston,Navy,A,
10/20/2018,Navy,Houston,H,
10/20/2018,Iowa,Maryland,H,
10/20/2018,Maryland,Iowa,A,
10/20/2018,Oregon,Washington St.,A,
10/20/2018,Washington St.,Oregon,H,
10/20/2018,UConn,South Fla.,A,
10/20/2018,South Fla.,UConn,H,
10/20/2018,Colorado,Washington,A,
10/20/2018,Washington,Colorado,H,
10/20/2018,Kentucky,Vanderbilt,H,
10/20/2018,Vanderbilt,Kentucky,A,
10/20/2018,Old Dominion,Western Ky.,A,
10/20/2018,Western Ky.,Old Dominion,H,
10/20/2018,Clemson,NC State,H,
10/20/2018,NC State,Clemson,A,
10/20/2018,Northwestern,Rutgers,A,
10/20/2018,Rutgers,Northwestern,H,
10/20/2018,Ball St.,Eastern Mich.,H,
10/20/2018,Eastern Mich.,Ball St.,A,
10/20/2018,Southern California,Utah,A,
10/20/2018,Utah,Southern California,H,
10/20/2018,Massachusetts,Coastal Caro.,H,
10/20/2018,Hawaii,Nevada,H,
10/20/2018,Nevada,Hawaii,A,
10/20/2018,Ga. Southern,New Mexico St.,A,
10/20/2018,New Mexico St.,Ga. Southern,H,
10/20/2018,LSU,Mississippi St.,H,
10/20/2018,Mississippi St.,LSU,A,
10/23/2018,South Alabama,Troy,H,
10/23/2018,Troy,South Alabama,A,
10/25/2018,Ball St.,Ohio,A,
10/25/2018,Ohio,Ball St.,H,
10/25/2018,Toledo,Western Mich.,A,
10/25/2018,Western Mich.,Toledo,H,
10/25/2018,Baylor,West Virginia,A,
10/25/2018,West Virginia,Baylor,H,
10/25/2018,Appalachian St.,Ga. Southern,A,
10/25/2018,Ga. Southern,Appalachian St.,H,
10/25/2018,Georgia Tech,Virginia Tech,A,
10/25/2018,Virginia Tech,Georgia Tech,H,
10/26/2018,UCLA,Utah,H,
10/26/2018,Utah,UCLA,A,
10/26/2018,Boston College,Miami (FL),H,
10/26/2018,Miami (FL),Boston College,A,
10/26/2018,Indiana,Minnesota,A,
10/26/2018,Minnesota,Indiana,H,
10/26/2018,Fla. Atlantic,Louisiana Tech,H,
10/26/2018,Louisiana Tech,Fla. Atlantic,A,
10/26/2018,Colorado St.,Wyoming,H,
10/26/2018,Wyoming,Colorado St.,A,
10/27/2018,Boise St.,Air Force,A,
10/27/2018,Air Force,Boise St.,H,
10/27/2018,Akron,Central Mich.,H,
10/27/2018,Central Mich.,Akron,A,
10/27/2018,Eastern Mich.,Army West Point,H,
10/27/2018,Army West Point,Eastern Mich.,A,
10/27/2018,Clemson,Florida St.,A,
10/27/2018,Florida St.,Clemson,H,
10/27/2018,Kentucky,Missouri,A,
10/27/2018,Missouri,Kentucky,H,
10/27/2018,Middle Tenn.,Old Dominion,A,
10/27/2018,Old Dominion,Middle Tenn.,H,
10/27/2018,Arkansas St.,Louisiana,A,
10/27/2018,Louisiana,Arkansas St.,H,
10/27/2018,Oklahoma St.,Texas,H,
10/27/2018,Texas,Oklahoma St.,A,
10/27/2018,Tulane,Tulsa,A,
10/27/2018,Tulsa,Tulane,H,
10/27/2018,UNLV,San Jose St.,A,
10/27/2018,San Jose St.,UNLV,H,
10/27/2018,Mississippi St.,Texas A&M,H,
10/27/2018,Texas A&M,Mississippi St.,A,
10/27/2018,UConn,Massachusetts,H,
10/27/2018,Massachusetts,UConn,A,
10/27/2018,North Texas,Rice,H,
10/27/2018,Rice,North Texas,A,
10/27/2018,NC State,Syracuse,A,
10/27/2018,Syracuse,NC State,H,
10/27/2018,New Mexico,Utah St.,A,
10/27/2018,Utah St.,New Mexico,H,
10/27/2018,South Carolina,Tennessee,H,
10/27/2018,Tennessee,South Carolina,A,
10/27/2018,Cincinnati,SMU,A,
10/27/2018,SMU,Cincinnati,H,
10/27/2018,Georgia St.,Coastal Caro.,H,
10/27/2018,Northwestern,Wisconsin,H,
10/27/2018,Wisconsin,Northwestern,A,
10/27/2018,Stanford,Washington St.,H,
10/27/2018,Washington St.,Stanford,A,
10/27/2018,Arizona St.,Southern California,A,
10/27/2018,Southern California,Arizona St.,H,
10/27/2018,Idaho,Eastern Wash.,A,
10/27/2018,Fresno St.,Hawaii,H,
10/27/2018,Hawaii,Fresno St.,A,
10/27/2018,Duke,Pittsburgh,A,
10/27/2018,Pittsburgh,Duke,H,
10/27/2018,Charlotte,Southern Miss.,H,
10/27/2018,Southern Miss.,Charlotte,A,
10/27/2018,Arizona,Oregon,H,
10/27/2018,Oregon,Arizona,A,
10/27/2018,Iowa St.,Texas Tech,H,
10/27/2018,Texas Tech,Iowa St.,A,
10/27/2018,UAB,UTEP,A,
10/27/2018,UTEP,UAB,H,
10/27/2018,Houston,South Fla.,H,
10/27/2018,South Fla.,Houston,A,
10/27/2018,Nevada,San Diego St.,H,
10/27/2018,San Diego St.,Nevada,A,
10/27/2018,Iowa,Penn St.,A,
10/27/2018,Penn St.,Iowa,H,
10/27/2018,North Carolina,Virginia,A,
10/27/2018,Virginia,North Carolina,H,
10/27/2018,Arkansas,Vanderbilt,H,
10/27/2018,Vanderbilt,Arkansas,A,
10/27/2018,BYU,Northern Ill.,H,
10/27/2018,Northern Ill.,BYU,A,
10/27/2018,California,Washington,H,
10/27/2018,Washington,California,A,
10/27/2018,Illinois,Maryland,A,
10/27/2018,Maryland,Illinois,H,
10/27/2018,Kansas,TCU,H,
10/27/2018,TCU,Kansas,A,
10/27/2018,Louisville,Wake Forest,H,
10/27/2018,Wake Forest,Louisville,A,
10/27/2018,Michigan St.,Purdue,H,
10/27/2018,Purdue,Michigan St.,A,
10/27/2018,Colorado,Oregon St.,H,
10/27/2018,Oregon St.,Colorado,A,
10/27/2018,Kansas St.,Oklahoma,A,
10/27/2018,Oklahoma,Kansas St.,H,
10/27/2018,FIU,Western Ky.,A,
10/27/2018,Western Ky.,FIU,H,
10/27/2018,Florida,Georgia,N,"Jacksonville, FL"
10/27/2018,Georgia,Florida,N,"Jacksonville, FL"
10/27/2018,Notre Dame,Navy,N,"San Diego, CA"
10/27/2018,Navy,Notre Dame,N,"San Diego, CA"
10/27/2018,New Mexico St.,Texas St.,A,
10/27/2018,Texas St.,New Mexico St.,H,
10/30/2018,Bowling Green,Kent St.,H,
10/30/2018,Kent St.,Bowling Green,A,
10/30/2018,Buffalo,Miami (OH),H,
10/30/2018,Miami (OH),Buffalo,A,
10/31/2018,Ball St.,Toledo,A,
10/31/2018,Toledo,Ball St.,H,
11/1/2018,Akron,Northern Ill.,H,
11/1/2018,Northern Ill.,Akron,A,
11/1/2018,Ohio,Western Mich.,A,
11/1/2018,Western Mich.,Ohio,H,
11/1/2018,UCF,Temple,H,
11/1/2018,Temple,UCF,A,
11/2/2018,Arizona,Colorado,H,
11/2/2018,Colorado,Arizona,A,
11/2/2018,Middle Tenn.,Western Ky.,H,
11/2/2018,Western Ky.,Middle Tenn.,A,
11/2/2018,Pittsburgh,Virginia,A,
11/2/2018,Virginia,Pittsburgh,H,
11/3/2018,Central Mich.,Eastern Mich.,A,
11/3/2018,Eastern Mich.,Central Mich.,H,
11/3/2018,Boston College,Virginia Tech,A,
11/3/2018,Virginia Tech,Boston College,H,
11/3/2018,Oklahoma,Texas Tech,A,
11/3/2018,Texas Tech,Oklahoma,H,
11/3/2018,Rutgers,Wisconsin,A,
11/3/2018,Wisconsin,Rutgers,H,
11/3/2018,Appalachian St.,Coastal Caro.,A,
11/3/2018,UConn,Tulsa,A,
11/3/2018,Tulsa,UConn,H,
11/3/2018,UAB,UTSA,H,
11/3/2018,UTSA,UAB,A,
11/3/2018,Louisiana Tech,Mississippi St.,A,
11/3/2018,Mississippi St.,Louisiana Tech,H,
11/3/2018,Illinois,Minnesota,H,
11/3/2018,Minnesota,Illinois,A,
11/3/2018,Syracuse,Wake Forest,A,
11/3/2018,Wake Forest,Syracuse,H,
11/3/2018,Baylor,Oklahoma St.,H,
11/3/2018,Oklahoma St.,Baylor,A,
11/3/2018,Air Force,Army West Point,A,
11/3/2018,Army West Point,Air Force,H,
11/3/2018,Kansas St.,TCU,A,
11/3/2018,TCU,Kansas St.,H,
11/3/2018,Houston,SMU,A,
11/3/2018,SMU,Houston,H,
11/3/2018,Northwestern,Notre Dame,H,
11/3/2018,Notre Dame,Northwestern,A,
11/3/2018,Georgia St.,Texas St.,H,
11/3/2018,Texas St.,Georgia St.,A,
11/3/2018,Rice,UTEP,H,
11/3/2018,UTEP,Rice,A,
11/3/2018,Auburn,Texas A&M,H,
11/3/2018,Texas A&M,Auburn,A,
11/3/2018,Fresno St.,UNLV,A,
11/3/2018,UNLV,Fresno St.,H,
11/3/2018,Charlotte,Tennessee,A,
11/3/2018,Tennessee,Charlotte,H,
11/3/2018,Texas,West Virginia,H,
11/3/2018,West Virginia,Texas,A,
11/3/2018,Florida St.,NC State,A,
11/3/2018,NC State,Florida St.,H,
11/3/2018,Marshall,Southern Miss.,A,
11/3/2018,Southern Miss.,Marshall,H,
11/3/2018,East Carolina,Memphis,H,
11/3/2018,Memphis,East Carolina,A,
11/3/2018,New Mexico,San Diego St.,H,
11/3/2018,San Diego St.,New Mexico,A,
11/3/2018,San Jose St.,Wyoming,A,
11/3/2018,Wyoming,San Jose St.,H,
11/3/2018,Florida,Missouri,H,
11/3/2018,Missouri,Florida,A,
11/3/2018,Idaho,North Dakota,H,
11/3/2018,Arkansas St.,South Alabama,H,
11/3/2018,South Alabama,Arkansas St.,A,
11/3/2018,Ole Miss,South Carolina,H,
11/3/2018,South Carolina,Ole Miss,A,
11/3/2018,Boise St.,BYU,H,
11/3/2018,BYU,Boise St.,A,
11/3/2018,California,Washington St.,A,
11/3/2018,Washington St.,California,H,
11/3/2018,Ga. Southern,La.-Monroe,A,
11/3/2018,La.-Monroe,Ga. Southern,H,
11/3/2018,Iowa St.,Kansas,A,
11/3/2018,Kansas,Iowa St.,H,
11/3/2018,Alabama,LSU,A,
11/3/2018,LSU,Alabama,H,
11/3/2018,Fla. Atlantic,FIU,A,
11/3/2018,FIU,Fla. Atlantic,H,
11/3/2018,Louisiana,Troy,A,
11/3/2018,Troy,Louisiana,H,
11/3/2018,Michigan,Penn St.,H,
11/3/2018,Penn St.,Michigan,A,
11/3/2018,Nebraska,Ohio St.,A,
11/3/2018,Ohio St.,Nebraska,H,
11/3/2018,Maryland,Michigan St.,H,
11/3/2018,Michigan St.,Maryland,A,
11/3/2018,Iowa,Purdue,A,
11/3/2018,Purdue,Iowa,H,
11/3/2018,Cincinnati,Navy,H,
11/3/2018,Navy,Cincinnati,A,
11/3/2018,South Fla.,Tulane,H,
11/3/2018,Tulane,South Fla.,A,
11/3/2018,Oregon St.,Southern California,H,
11/3/2018,Southern California,Oregon St.,A,
11/3/2018,Stanford,Washington,A,
11/3/2018,Washington,Stanford,H,
11/3/2018,Georgia,Kentucky,A,
11/3/2018,Kentucky,Georgia,H,
11/3/2018,Duke,Miami (FL),A,
11/3/2018,Miami (FL),Duke,H,
11/3/2018,Georgia Tech,North Carolina,A,
11/3/2018,North Carolina,Georgia Tech,H,
11/3/2018,Clemson,Louisville,H,
11/3/2018,Louisville,Clemson,A,
11/3/2018,Arizona St.,Utah,H,
11/3/2018,Utah,Arizona St.,A,
11/3/2018,New Mexico St.,Alcorn,H,
11/3/2018,UCLA,Oregon,A,
11/3/2018,Oregon,UCLA,H,
11/3/2018,Massachusetts,Liberty,H,
11/3/2018,Hawaii,Utah St.,H,
11/3/2018,Utah St.,Hawaii,A,
11/6/2018,Buffalo,Kent St.,H,
11/6/2018,Kent St.,Buffalo,A,
11/7/2018,Miami (OH),Ohio,H,
11/7/2018,Ohio,Miami (OH),A,
11/7/2018,Northern Ill.,Toledo,H,
11/7/2018,Toledo,Northern Ill.,A,
11/8/2018,NC State,Wake Forest,H,
11/8/2018,Wake Forest,NC State,A,
11/9/2018,Louisville,Syracuse,A,
11/9/2018,Syracuse,Louisville,H,
11/9/2018,Boise St.,Fresno St.,H,
11/9/2018,Fresno St.,Boise St.,A,
11/10/2018,New Mexico,Air Force,A,
11/10/2018,Air Force,New Mexico,H,
11/10/2018,Ga. Southern,Troy,H,
11/10/2018,Troy,Ga. Southern,A,
11/10/2018,Akron,Eastern Mich.,A,
11/10/2018,Eastern Mich.,Akron,H,
11/10/2018,Indiana,Maryland,H,
11/10/2018,Maryland,Indiana,A,
11/10/2018,Missouri,Vanderbilt,H,
11/10/2018,Vanderbilt,Missouri,A,
11/10/2018,North Texas,Old Dominion,A,
11/10/2018,Old Dominion,North Texas,H,
11/10/2018,Texas Tech,Texas,H,
11/10/2018,Texas,Texas Tech,A,
11/10/2018,Georgia St.,Louisiana,A,
11/10/2018,Louisiana,Georgia St.,H,
11/10/2018,Arkansas St.,Coastal Caro.,A,
11/10/2018,FIU,UTSA,A,
11/10/2018,UTSA,FIU,H,
11/10/2018,Duke,North Carolina,H,
11/10/2018,North Carolina,Duke,A,
11/10/2018,UAB,Southern Miss.,H,
11/10/2018,Southern Miss.,UAB,A,
11/10/2018,BYU,Massachusetts,A,
11/10/2018,Massachusetts,BYU,H,
11/10/2018,UConn,SMU,H,
11/10/2018,SMU,UConn,A,
11/10/2018,San Jose St.,Utah St.,A,
11/10/2018,Utah St.,San Jose St.,H,
11/10/2018,Army West Point,Lafayette,H,
11/10/2018,Marshall,Charlotte,H,
11/10/2018,Charlotte,Marshall,A,
11/10/2018,Oregon St.,Stanford,A,
11/10/2018,Stanford,Oregon St.,H,
11/10/2018,California,Southern California,A,
11/10/2018,Southern California,California,H,
11/10/2018,Louisiana Tech,Rice,H,
11/10/2018,Rice,Louisiana Tech,A,
11/10/2018,Memphis,Tulsa,H,
11/10/2018,Tulsa,Memphis,A,
11/10/2018,Kansas St.,Kansas,H,
11/10/2018,Kansas,Kansas St.,A,
11/10/2018,Kentucky,Tennessee,A,
11/10/2018,Tennessee,Kentucky,H,
11/10/2018,Pittsburgh,Virginia Tech,H,
11/10/2018,Virginia Tech,Pittsburgh,A,
11/10/2018,Alabama,Mississippi St.,H,
11/10/2018,Mississippi St.,Alabama,A,
11/10/2018,Baylor,Iowa St.,A,
11/10/2018,Iowa St.,Baylor,H,
11/10/2018,Middle Tenn.,UTEP,A,
11/10/2018,UTEP,Middle Tenn.,H,
11/10/2018,Houston,Temple,H,
11/10/2018,Temple,Houston,A,
11/10/2018,Colorado St.,Nevada,A,
11/10/2018,Nevada,Colorado St.,H,
11/10/2018,Arizona St.,UCLA,H,
11/10/2018,UCLA,Arizona St.,A,
11/10/2018,Boston College,Clemson,H,
11/10/2018,Clemson,Boston College,A,
11/10/2018,Penn St.,Wisconsin,H,
11/10/2018,Wisconsin,Penn St.,A,
11/10/2018,Florida,South Carolina,H,
11/10/2018,South Carolina,Florida,A,
11/10/2018,Virginia,Liberty,H,
11/10/2018,Idaho,Montana,H,
11/10/2018,UNLV,San Diego St.,A,
11/10/2018,San Diego St.,UNLV,H,
11/10/2018,Arkansas,LSU,H,
11/10/2018,LSU,Arkansas,A,
11/10/2018,Iowa,Northwestern,H,
11/10/2018,Northwestern,Iowa,A,
11/10/2018,Illinois,Nebraska,A,
11/10/2018,Nebraska,Illinois,H,
11/10/2018,UCF,Navy,H,
11/10/2018,Navy,UCF,A,
11/10/2018,Florida St.,Notre Dame,A,
11/10/2018,Notre Dame,Florida St.,H,
11/10/2018,Bowling Green,Central Mich.,A,
11/10/2018,Central Mich.,Bowling Green,H,
11/10/2018,Georgia Tech,Miami (FL),H,
11/10/2018,Miami (FL),Georgia Tech,A,
11/10/2018,East Carolina,Tulane,A,
11/10/2018,Tulane,East Carolina,H,
11/10/2018,Fla. Atlantic,Western Ky.,H,
11/10/2018,Western Ky.,Fla. Atlantic,A,
11/10/2018,La.-Monroe,South Alabama,A,
11/10/2018,South Alabama,La.-Monroe,H,
11/10/2018,Michigan,Rutgers,H,
11/10/2018,Rutgers,Michigan,A,
11/10/2018,Michigan St.,Ohio St.,H,
11/10/2018,Ohio St.,Michigan St.,A,
11/10/2018,Minnesota,Purdue,H,
11/10/2018,Purdue,Minnesota,A,
11/10/2018,Cincinnati,South Fla.,H,
11/10/2018,South Fla.,Cincinnati,A,
11/10/2018,Colorado,Washington St.,A,
11/10/2018,Washington St.,Colorado,H,
11/10/2018,TCU,West Virginia,A,
11/10/2018,West Virginia,TCU,H,
11/10/2018,Oklahoma St.,Oklahoma,A,
11/10/2018,Oklahoma,Oklahoma St.,H,
11/10/2018,Ole Miss,Texas A&M,A,
11/10/2018,Texas A&M,Ole Miss,H,
11/10/2018,Auburn,Georgia,A,
11/10/2018,Georgia,Auburn,H,
11/10/2018,Appalachian St.,Texas St.,A,
11/10/2018,Texas St.,Appalachian St.,H,
11/10/2018,Oregon,Utah,A,
11/10/2018,Utah,Oregon,H,
11/13/2018,Ball St.,Western Mich.,H,
11/13/2018,Western Mich.,Ball St.,A,
11/14/2018,Buffalo,Ohio,A,
11/14/2018,Ohio,Buffalo,H,
11/14/2018,Miami (OH),Northern Ill.,A,
11/14/2018,Northern Ill.,Miami (OH),H,
11/15/2018,Fla. Atlantic,North Texas,A,
11/15/2018,North Texas,Fla. Atlantic,H,
11/15/2018,Houston,Tulane,H,
11/15/2018,Tulane,Houston,A,
11/15/2018,Kent St.,Toledo,H,
11/15/2018,Toledo,Kent St.,A,
11/16/2018,Memphis,SMU,A,
11/16/2018,SMU,Memphis,H,
11/16/2018,Boise St.,New Mexico,A,
11/16/2018,New Mexico,Boise St.,H,
11/17/2018,Akron,Bowling Green,H,
11/17/2018,Bowling Green,Akron,A,
11/17/2018,Colorado St.,Utah St.,H,
11/17/2018,Utah St.,Colorado St.,A,
11/17/2018,Miami (FL),Virginia Tech,A,
11/17/2018,Virginia Tech,Miami (FL),H,
11/17/2018,UCLA,Southern California,H,
11/17/2018,Southern California,UCLA,A,
11/17/2018,Boston College,Florida St.,A,
11/17/2018,Florida St.,Boston College,H,
11/17/2018,Old Dominion,VMI,H,
11/17/2018,South Alabama,Louisiana,A,
11/17/2018,Louisiana,South Alabama,H,
11/17/2018,Oklahoma St.,West Virginia,H,
11/17/2018,West Virginia,Oklahoma St.,A,
11/17/2018,Nevada,San Jose St.,A,
11/17/2018,San Jose St.,Nevada,H,
11/17/2018,Arkansas,Mississippi St.,A,
11/17/2018,Mississippi St.,Arkansas,H,
11/17/2018,Illinois,Iowa,H,
11/17/2018,Iowa,Illinois,A,
11/17/2018,Pittsburgh,Wake Forest,A,
11/17/2018,Wake Forest,Pittsburgh,H,
11/17/2018,South Carolina,Chattanooga,H,
11/17/2018,Army West Point,Colgate,H,
11/17/2018,Baylor,TCU,H,
11/17/2018,TCU,Baylor,A,
11/17/2018,Marshall,UTSA,H,
11/17/2018,UTSA,Marshall,A,
11/17/2018,South Fla.,Temple,A,
11/17/2018,Temple,South Fla.,H,
11/17/2018,Penn St.,Rutgers,A,
11/17/2018,Rutgers,Penn St.,H,
11/17/2018,Auburn,Liberty,H,
11/17/2018,Kansas St.,Texas Tech,H,
11/17/2018,Texas Tech,Kansas St.,A,
11/17/2018,Missouri,Tennessee,A,
11/17/2018,Tennessee,Missouri,H,
11/17/2018,Fresno St.,San Diego St.,H,
11/17/2018,San Diego St.,Fresno St.,A,
11/17/2018,FIU,Charlotte,A,
11/17/2018,Charlotte,FIU,H,
11/17/2018,Alabama,The Citadel,H,
11/17/2018,Iowa St.,Texas,A,
11/17/2018,Texas,Iowa St.,H,
11/17/2018,Louisiana Tech,Southern Miss.,A,
11/17/2018,Southern Miss.,Louisiana Tech,H,
11/17/2018,UConn,East Carolina,A,
11/17/2018,East Carolina,UConn,H,
11/17/2018,Appalachian St.,Georgia St.,H,
11/17/2018,Georgia St.,Appalachian St.,A,
11/17/2018,Ga. Southern,Coastal Caro.,A,
11/17/2018,Air Force,Wyoming,A,
11/17/2018,Wyoming,Air Force,H,
11/17/2018,Florida,Idaho,H,
11/17/2018,Idaho,Florida,A,
11/17/2018,Arkansas St.,La.-Monroe,H,
11/17/2018,La.-Monroe,Arkansas St.,A,
11/17/2018,Indiana,Michigan,A,
11/17/2018,Michigan,Indiana,H,
11/17/2018,BYU,New Mexico St.,H,
11/17/2018,New Mexico St.,BYU,A,
11/17/2018,Minnesota,Northwestern,H,
11/17/2018,Northwestern,Minnesota,A,
11/17/2018,California,Stanford,H,
11/17/2018,Stanford,California,A,
11/17/2018,Purdue,Wisconsin,H,
11/17/2018,Wisconsin,Purdue,A,
11/17/2018,UCF,Cincinnati,H,
11/17/2018,Cincinnati,UCF,A,
11/17/2018,Georgia Tech,Virginia,H,
11/17/2018,Virginia,Georgia Tech,A,
11/17/2018,LSU,Rice,H,
11/17/2018,Rice,LSU,A,
11/17/2018,Louisville,NC State,H,
11/17/2018,NC State,Louisville,A,
11/17/2018,Texas St.,Troy,A,
11/17/2018,Troy,Texas St.,H,
11/17/2018,Maryland,Ohio St.,H,
11/17/2018,Ohio St.,Maryland,A,
11/17/2018,Michigan St.,Nebraska,A,
11/17/2018,Nebraska,Michigan St.,H,
11/17/2018,Tulsa,Navy,A,
11/17/2018,Navy,Tulsa,H,
11/17/2018,Arizona,Washington St.,A,
11/17/2018,Washington St.,Arizona,H,
11/17/2018,Oregon St.,Washington,A,
11/17/2018,Washington,Oregon St.,H,
11/17/2018,Kentucky,Middle Tenn.,H,
11/17/2018,Middle Tenn.,Kentucky,A,
11/17/2018,Kansas,Oklahoma,A,
11/17/2018,Oklahoma,Kansas,H,
11/17/2018,UAB,Texas A&M,A,
11/17/2018,Texas A&M,UAB,H,
11/17/2018,Ole Miss,Vanderbilt,A,
11/17/2018,Vanderbilt,Ole Miss,H,
11/17/2018,North Carolina,Western Caro.,H,
11/17/2018,Georgia,Massachusetts,H,
11/17/2018,Massachusetts,Georgia,A,
11/17/2018,UTEP,Western Ky.,A,
11/17/2018,Western Ky.,UTEP,H,
11/17/2018,Clemson,Duke,H,
11/17/2018,Duke,Clemson,A,
11/17/2018,Notre Dame,Syracuse,N,"Bronx, NY"
11/17/2018,Syracuse,Notre Dame,N,"Bronx, NY"
11/17/2018,Arizona St.,Oregon,A,
11/17/2018,Oregon,Arizona St.,H,
11/17/2018,Colorado,Utah,H,
11/17/2018,Utah,Colorado,A,
11/17/2018,Hawaii,UNLV,H,
11/17/2018,UNLV,Hawaii,A,
11/20/2018,Ball St.,Miami (OH),A,
11/20/2018,Miami (OH),Ball St.,H,
11/20/2018,Northern Ill.,Western Mich.,A,
11/20/2018,Western Mich.,Northern Ill.,H,
11/22/2018,Colorado St.,Air Force,A,
11/22/2018,Air Force,Colorado St.,H,
11/22/2018,Mississippi St.,Ole Miss,A,
11/22/2018,Ole Miss,Mississippi St.,H,
11/23/2018,Central Mich.,Toledo,A,
11/23/2018,Toledo,Central Mich.,H,
11/23/2018,Virginia Tech,Virginia,H,
11/23/2018,Virginia,Virginia Tech,A,
11/23/2018,Arkansas,Missouri,A,
11/23/2018,Missouri,Arkansas,H,
11/23/2018,Houston,Memphis,A,
11/23/2018,Memphis,Houston,H,
11/23/2018,Akron,Ohio,A,
11/23/2018,Ohio,Akron,H,
11/23/2018,Eastern Mich.,Kent St.,A,
11/23/2018,Kent St.,Eastern Mich.,H,
11/23/2018,Bowling Green,Buffalo,H,
11/23/2018,Buffalo,Bowling Green,A,
11/23/2018,UCF,South Fla.,A,
11/23/2018,South Fla.,UCF,H,
11/23/2018,South Alabama,Coastal Caro.,H,
11/23/2018,Iowa,Nebraska,H,
11/23/2018,Nebraska,Iowa,A,
11/23/2018,Cincinnati,East Carolina,H,
11/23/2018,East Carolina,Cincinnati,A,
11/23/2018,Oregon St.,Oregon,H,
11/23/2018,Oregon,Oregon St.,A,
11/23/2018,Washington St.,Washington,H,
11/23/2018,Washington,Washington St.,A,
11/23/2018,Oklahoma,West Virginia,A,
11/23/2018,West Virginia,Oklahoma,H,
11/23/2018,Kansas,Texas,H,
11/23/2018,Texas,Kansas,A,
11/24/2018,Indiana,Purdue,H,
11/24/2018,Purdue,Indiana,A,
11/24/2018,UCLA,Stanford,H,
11/24/2018,Stanford,UCLA,A,
11/24/2018,Florida St.,Florida,H,
11/24/2018,Florida,Florida St.,A,
11/24/2018,Minnesota,Wisconsin,A,
11/24/2018,Wisconsin,Minnesota,H,
11/24/2018,North Texas,UTSA,A,
11/24/2018,UTSA,North Texas,H,
11/24/2018,New Mexico St.,Liberty,A,
11/24/2018,Duke,Wake Forest,H,
11/24/2018,Wake Forest,Duke,A,
11/24/2018,SMU,Tulsa,A,
11/24/2018,Tulsa,SMU,H,
11/24/2018,UConn,Temple,H,
11/24/2018,Temple,UConn,A,
11/24/2018,Oklahoma St.,TCU,A,
11/24/2018,TCU,Oklahoma St.,H,
11/24/2018,Ga. Southern,Georgia St.,A,
11/24/2018,Georgia St.,Ga. Southern,H,
11/24/2018,Illinois,Northwestern,A,
11/24/2018,Northwestern,Illinois,H,
11/24/2018,Old Dominion,Rice,A,
11/24/2018,Rice,Old Dominion,H,
11/24/2018,Notre Dame,Southern California,A,
11/24/2018,Southern California,Notre Dame,H,
11/24/2018,Louisiana Tech,Western Ky.,H,
11/24/2018,Western Ky.,Louisiana Tech,A,
11/24/2018,UNLV,Nevada,H,
11/24/2018,Nevada,UNLV,A,
11/24/2018,Fresno St.,San Jose St.,H,
11/24/2018,San Jose St.,Fresno St.,A,
11/24/2018,Alabama,Auburn,H,
11/24/2018,Auburn,Alabama,A,
11/24/2018,BYU,Utah,A,
11/24/2018,Utah,BYU,H,
11/24/2018,Arizona St.,Arizona,A,
11/24/2018,Arizona,Arizona St.,H,
11/24/2018,Iowa St.,Kansas St.,H,
11/24/2018,Kansas St.,Iowa St.,A,
11/24/2018,Southern Miss.,UTEP,A,
11/24/2018,UTEP,Southern Miss.,H,
11/24/2018,New Mexico,Wyoming,H,
11/24/2018,Wyoming,New Mexico,A,
11/24/2018,Appalachian St.,Troy,H,
11/24/2018,Troy,Appalachian St.,A,
11/24/2018,Boston College,Syracuse,H,
11/24/2018,Syracuse,Boston College,A,
11/24/2018,Maryland,Penn St.,A,
11/24/2018,Penn St.,Maryland,H,
11/24/2018,Hawaii,San Diego St.,A,
11/24/2018,San Diego St.,Hawaii,H,
11/24/2018,Boise St.,Utah St.,H,
11/24/2018,Utah St.,Boise St.,A,
11/24/2018,California,Colorado,H,
11/24/2018,Colorado,California,A,
11/24/2018,Clemson,South Carolina,H,
11/24/2018,South Carolina,Clemson,A,
11/24/2018,UAB,Middle Tenn.,A,
11/24/2018,Middle Tenn.,UAB,H,
11/24/2018,Tulane,Navy,H,
11/24/2018,Navy,Tulane,A,
11/24/2018,Fla. Atlantic,Charlotte,H,
11/24/2018,Charlotte,Fla. Atlantic,A,
11/24/2018,Kentucky,Louisville,A,
11/24/2018,Louisville,Kentucky,H,
11/24/2018,FIU,Marshall,H,
11/24/2018,Marshall,FIU,A,
11/24/2018,LSU,Texas A&M,A,
11/24/2018,Texas A&M,LSU,H,
11/24/2018,La.-Monroe,Louisiana,H,
11/24/2018,Louisiana,La.-Monroe,A,
11/24/2018,Michigan,Ohio St.,A,
11/24/2018,Ohio St.,Michigan,H,
11/24/2018,Michigan St.,Rutgers,H,
11/24/2018,Rutgers,Michigan St.,A,
11/24/2018,Tennessee,Vanderbilt,A,
11/24/2018,Vanderbilt,Tennessee,H,
11/24/2018,Miami (FL),Pittsburgh,H,
11/24/2018,Pittsburgh,Miami (FL),A,
11/24/2018,North Carolina,NC State,H,
11/24/2018,NC State,North Carolina,A,
11/24/2018,Georgia Tech,Georgia,A,
11/24/2018,Georgia,Georgia Tech,H,
11/24/2018,Baylor,Texas Tech,N,"Arlington, TX"
11/24/2018,Texas Tech,Baylor,N,"Arlington, TX"
11/24/2018,Arkansas St.,Texas St.,A,
11/24/2018,Texas St.,Arkansas St.,H,
12/8/2018,Army West Point,Navy,N,"Philadelphia, PA"
12/8/2018,Navy,Army West Point,N,"Philadelphia, PA"
