,_id,_season,_week,_season_type,_start_date,_start_time_tbd,_neutral_site,_conference_game,_attendance,_venue_id,_venue,_home_id,_home_team,_home_conference,_home_points,_home_line_scores,_home_post_win_prob,_away_id,_away_team,_away_conference,_away_points,_away_line_scores,_away_post_win_prob,_excitement_index,discriminator
0,401238035,2020,1,regular,2020-09-04T00:00:00.000Z,False,False,False,,3803,Legion Field,5,UAB,Conference USA,45.0,"[14, 14, 3, 14]",0.9980808803854844,2110,Central Arkansas,,35.0,"[7, 14, 0, 14]",0.0019191196145156297,2.226002,
1,401207101,2020,1,regular,2020-09-04T01:00:00.000Z,False,False,False,,3815,M. M. Roberts Stadium,2572,Southern Mississippi,Conference USA,21.0,"[0, 10, 3, 8]",0.2697391538586161,6,South Alabama,Sun Belt,32.0,"[13, 0, 10, 9]",0.730260846141384,5.58695,
2,401237353,2020,1,regular,2020-09-05T17:00:00.000Z,False,False,False,,3775,Joan C. Edwards Stadium,276,Marshall,Conference USA,59.0,"[21, 17, 14, 7]",0.9989357690026515,2198,Eastern Kentucky,,0.0,"[0, 0, 0, 0]",0.0010642309973485364,1.1456028928,
3,401235700,2020,1,regular,2020-09-05T17:30:00.000Z,False,False,False,,3841,Blaik Field at Michie Stadium,349,Army,FBS Independents,42.0,"[7, 14, 14, 7]",0.9989401671285846,2393,Middle Tennessee,Conference USA,0.0,"[0, 0, 0, 0]",0.0010598328714154226,2.4709131227,
4,401212484,2020,1,regular,2020-09-05T20:30:00.000Z,False,False,False,,3644,Jim Wacker Field at Bobcat Stadium,326,Texas State,Sun Belt,24.0,"[0, 14, 7, 3]",0.046385495576733625,2567,SMU,American Athletic,31.0,"[0, 14, 14, 3]",0.9536145044232663,3.2882211247,
5,401207098,2020,1,regular,2020-09-05T23:30:00.000Z,False,False,False,,3825,Apogee Stadium,249,North Texas,Conference USA,57.0,"[14, 9, 20, 14]",0.9987933449462078,2277,Houston Baptist,,31.0,"[0, 10, 7, 14]",0.0012066550537922494,1.6443047117,
6,401212553,2020,1,regular,2020-09-06T00:00:00.000Z,False,False,False,,3805,Liberty Bowl Memorial Stadium,235,Memphis,American Athletic,37.0,"[7, 14, 13, 3]",0.9459042390318004,2032,Arkansas State,Sun Belt,24.0,"[14, 0, 3, 7]",0.05409576096819957,3.8455083297,
7,401239884,2020,1,regular,2020-09-06T01:00:00.000Z,False,False,False,,3946,Sun Bowl Stadium,2638,UTEP,Conference USA,24.0,"[3, 14, 0, 7]",0.8965660017910269,2617,Stephen F. Austin,,14.0,"[7, 7, 0, 0]",0.10343399820897314,6.510044664,
8,401234576,2020,1,regular,2020-09-08T00:00:00.000Z,False,False,False,,3852,Navy-Marine Corps Memorial Stadium,2426,Navy,American Athletic,3.0,"[0, 0, 3, 0]",0.00034217162665634487,252,BYU,FBS Independents,55.0,"[14, 17, 17, 7]",0.9996578283733436,1.7226811047,
9,401234559,2020,2,regular,2020-09-11T00:00:00.000Z,False,False,False,,3948,Hard Rock Stadium,2390,Miami,ACC,31.0,"[7, 7, 17, 0]",0.9978418110459198,5,UAB,Conference USA,14.0,"[7, 0, 7, 0]",0.0021581889540801535,3.686792617,
10,401236674,2020,2,regular,2020-09-12T01:00:00.000Z,False,False,False,,3616,Amon G. Carter Stadium,2628,TCU,Big 12,,,,2567,SMU,American Athletic,,,,,
11,401236221,2020,2,regular,2020-09-12T16:00:00.000Z,False,False,False,,3772,Jack Trice Stadium,66,Iowa State,Big 12,14.0,"[0, 14, 0, 0]",0.13129390675582164,309,Louisiana,Sun Belt,31.0,"[0, 10, 7, 14]",0.8687060932441784,4.777614325,
12,401236081,2020,2,regular,2020-09-12T16:00:00.000Z,False,False,False,,3792,Kidd Brewer Stadium,2026,Appalachian State,Sun Belt,35.0,"[0, 14, 7, 14]",0.9989405610212495,2429,Charlotte,Conference USA,20.0,"[7, 3, 10, 0]",0.0010594389787504932,5.0994058158,
13,401236038,2020,2,regular,2020-09-12T16:00:00.000Z,False,False,False,,3842,Mountaineer Field at Milan Puskar Stadium,277,West Virginia,Big 12,56.0,"[14, 28, 7, 7]",0.9985290183696555,2198,Eastern Kentucky,,10.0,"[0, 7, 3, 0]",0.0014709816303445367,1.0520707724,
14,401236053,2020,2,regular,2020-09-12T16:00:00.000Z,False,False,False,,3636,Bill Snyder Family Football Stadium,2306,Kansas State,Big 12,31.0,"[7, 14, 0, 10]",0.3652594357684556,2032,Arkansas State,Sun Belt,35.0,"[7, 7, 7, 14]",0.6347405642315445,7.1983025295,
15,401234565,2020,2,regular,2020-09-12T16:00:00.000Z,False,False,True,,3787,Kenan Memorial Stadium,153,North Carolina,ACC,31.0,"[7, 0, 3, 21]",0.998956190979728,183,Syracuse,ACC,6.0,"[0, 3, 3, 0]",0.001043809020272013,3.2978536983,
16,401240296,2020,2,regular,2020-09-12T16:00:00.000Z,False,False,False,,4727,McLane Stadium,239,Baylor,Big 12,,,,2348,Louisiana Tech,Conference USA,,,,,
17,401240113,2020,2,regular,2020-09-12T17:30:00.000Z,False,False,False,,3841,Blaik Field at Michie Stadium,349,Army,FBS Independents,37.0,"[14, 3, 13, 7]",0.9985456569905015,2433,Louisiana Monroe,Sun Belt,7.0,"[0, 7, 0, 0]",0.0014543430094985377,1.7599924498,
18,401234574,2020,2,regular,2020-09-12T18:30:00.000Z,False,False,True,,3855,Notre Dame Stadium,87,Notre Dame,FBS Independents,27.0,"[0, 10, 7, 10]",0.9504250683490985,150,Duke,ACC,13.0,"[3, 3, 7, 0]",0.049574931650901544,3.637262785,
19,401207113,2020,2,regular,2020-09-12T19:30:00.000Z,False,False,False,,3644,Jim Wacker Field at Bobcat Stadium,326,Texas State,Sun Belt,48.0,"[7, 0, 14, 20, 7, 0]",0.08448116747259829,2636,UT San Antonio,Conference USA,51.0,"[7, 17, 7, 10, 7, 3]",0.9155188325274017,8.0968410558,
20,401234563,2020,2,regular,2020-09-12T20:00:00.000Z,False,False,True,,3697,Bobby Bowden Field at Doak Campbell Stadium,52,Florida State,ACC,13.0,"[10, 0, 3, 0]",0.04480890786268917,59,Georgia Tech,ACC,16.0,"[0, 0, 7, 9]",0.9551910921373108,5.8038345134,
21,401240233,2020,2,regular,2020-09-12T20:00:00.000Z,False,False,False,,3752,Heinz Field,221,Pittsburgh,ACC,55.0,"[21, 21, 0, 13]",0.9989693192188656,2046,Austin Peay,,0.0,"[0, 0, 0, 0]",0.001030680781134441,1.1571226423,
22,401215298,2020,2,regular,2020-09-12T20:14:00.000Z,False,False,False,,3608,Paulson Stadium,290,Georgia Southern,Sun Belt,27.0,"[3, 3, 7, 14]",0.6910924092647663,2097,Campbell,,26.0,"[13, 0, 7, 6]",0.30890759073523366,6.9344930237,
23,401236054,2020,2,regular,2020-09-12T23:00:00.000Z,False,False,False,,3835,Gaylord Family Oklahoma Memorial Stadium,201,Oklahoma,Big 12,48.0,"[31, 10, 0, 7]",0.9989713216300566,2623,Missouri State,,0.0,"[0, 0, 0, 0]",0.0010286783699433588,1.0134807925,
24,401240039,2020,2,regular,2020-09-12T23:00:00.000Z,False,False,False,,3886,Raymond James Stadium,58,South Florida,American Athletic,27.0,"[7, 13, 0, 7]",0.33714920154142325,2643,The Citadel,,6.0,"[3, 3, 0, 0]",0.6628507984585768,2.9737388347,
25,401234562,2020,2,regular,2020-09-12T23:30:00.000Z,False,False,True,,3630,BB&T Field,154,Wake Forest,ACC,13.0,"[0, 0, 3, 10]",0.0006830019631616109,228,Clemson,ACC,37.0,"[14, 13, 10, 0]",0.9993169980368384,0.2919910883,
26,401239973,2020,2,regular,2020-09-12T23:30:00.000Z,False,False,False,,6526,Hancock Whitney Stadium,6,South Alabama,Sun Belt,24.0,"[0, 14, 10, 0]",0.6304398648486921,2655,Tulane,American Athletic,27.0,"[0, 6, 7, 14]",0.3695601351513079,8.4177973424,
27,401236039,2020,2,regular,2020-09-13T00:00:00.000Z,False,False,False,,3784,Jones AT&T Stadium,2641,Texas Tech,Big 12,35.0,"[14, 7, 7, 7]",0.9461823888211375,2277,Houston Baptist,,33.0,"[3, 7, 10, 13]",0.05381761117886252,2.1597584691,
28,401236222,2020,2,regular,2020-09-13T00:00:00.000Z,False,False,False,,3910,Darrell K Royal-Texas Memorial Stadium,251,Texas,Big 12,59.0,"[21, 24, 7, 7]",0.9989579054533634,2638,UTEP,Conference USA,3.0,"[0, 3, 0, 0]",0.0010420945466366183,1.0180516733,
29,401234564,2020,2,regular,2020-09-13T00:00:00.000Z,False,False,False,,3873,Papa John's Cardinal Stadium,97,Louisville,ACC,35.0,"[7, 21, 7, 0]",0.9976235561509056,98,Western Kentucky,Conference USA,21.0,"[7, 0, 7, 7]",0.0023764438490944118,2.872543934,
30,401236658,2020,2,regular,2020-09-13T02:00:00.000Z,False,False,False,,3833,Memorial Stadium,2305,Kansas,Big 12,23.0,"[0, 3, 14, 6]",0.10460907525447793,324,Coastal Carolina,Sun Belt,38.0,"[14, 14, 0, 10]",0.8953909247455221,3.3118189868,
31,401236041,2020,2,regular,2020-09-19T16:00:00.000Z,False,False,False,,3646,Boone Pickens Stadium,197,Oklahoma State,Big 12,,,,202,Tulsa,American Athletic,,,,,
32,401240126,2020,3,regular,2020-09-18T23:00:00.000Z,False,False,False,,3654,Brooks Stadium,324,Coastal Carolina,Sun Belt,,,,2097,Campbell,,,,,,
33,401212550,2020,3,regular,2020-09-18T23:30:00.000Z,False,False,True,,3805,Liberty Bowl Memorial Stadium,235,Memphis,American Athletic,,,,248,Houston,American Athletic,,,,,
34,401234569,2020,3,regular,2020-09-19T04:00:00.000Z,True,False,True,,3873,Papa John's Cardinal Stadium,97,Louisville,ACC,,,,2390,Miami,ACC,,,,,
35,401234572,2020,3,regular,2020-09-19T04:00:00.000Z,True,False,True,,3799,Lane Stadium,259,Virginia Tech,ACC,,,,258,Virginia,ACC,,,,,
36,401212541,2020,3,regular,2020-09-19T16:00:00.000Z,False,False,False,,3854,Nippert Stadium,2132,Cincinnati,American Athletic,,,,2046,Austin Peay,,,,,,
37,401215301,2020,3,regular,2020-09-19T16:00:00.000Z,False,False,True,,4246,Georgia State Stadium,2247,Georgia State,Sun Belt,,,,309,Louisiana,Sun Belt,,,,,
38,401207124,2020,3,regular,2020-09-19T16:00:00.000Z,False,False,False,,3796,Houchens Industries-L. T. Smith Stadium,98,Western Kentucky,Conference USA,,,,2335,Liberty,FBS Independents,,,,,
39,401212522,2020,3,regular,2020-09-19T16:00:00.000Z,False,False,True,,4729,Benson Field at Yulman Stadium,2655,Tulane,American Athletic,,,,2426,Navy,American Athletic,,,,,
40,401234567,2020,3,regular,2020-09-19T16:00:00.000Z,False,False,True,,3982,Wallace Wade Stadium,150,Duke,ACC,,,,103,Boston College,ACC,,,,,
41,401234571,2020,3,regular,2020-09-19T16:00:00.000Z,False,False,True,,3752,Heinz Field,221,Pittsburgh,ACC,,,,183,Syracuse,ACC,,,,,
42,401241282,2020,3,regular,2020-09-19T18:30:00.000Z,False,False,False,,3855,Notre Dame Stadium,87,Notre Dame,FBS Independents,,,,58,South Florida,American Athletic,,,,,
43,401240041,2020,3,regular,2020-09-19T19:00:00.000Z,False,False,False,,3604,Alamodome,2636,UT San Antonio,Conference USA,,,,2617,Stephen F. Austin,,,,,,
44,401235433,2020,3,regular,2020-09-19T19:30:00.000Z,False,False,False,,3787,Kenan Memorial Stadium,153,North Carolina,ACC,,,,2429,Charlotte,Conference USA,,,,,
45,401234568,2020,3,regular,2020-09-19T19:30:00.000Z,False,False,False,,721,Bobby Dodd Stadium at Historic Grant Field,59,Georgia Tech,ACC,,,,2116,UCF,American Athletic,,,,,
46,401236939,2020,3,regular,2020-09-19T19:30:00.000Z,False,False,False,,3775,Joan C. Edwards Stadium,276,Marshall,Conference USA,,,,2026,Appalachian State,Sun Belt,,,,,
47,401239869,2020,3,regular,2020-09-19T19:30:00.000Z,False,False,False,,3841,Blaik Field at Michie Stadium,349,Army,FBS Independents,,,,252,BYU,FBS Independents,,,,,
48,401240640,2020,3,regular,2020-09-19T20:00:00.000Z,False,False,False,,3725,"Johnny Red"""" Floyd Stadium""""",2393,Middle Tennessee,Conference USA,,,,2653,Troy,Sun Belt,,,,,
49,401207116,2020,3,regular,2020-09-19T20:00:00.000Z,False,False,False,,3608,Paulson Stadium,290,Georgia Southern,Sun Belt,,,,2226,Florida Atlantic,Conference USA,,,,,
50,401237492,2020,3,regular,2020-09-19T20:00:00.000Z,False,False,False,,3836,Memorial Stadium,228,Clemson,ACC,,,,2643,The Citadel,,,,,,
51,401207120,2020,3,regular,2020-09-19T22:00:00.000Z,False,False,False,,3825,Apogee Stadium,249,North Texas,Conference USA,,,,2567,SMU,American Athletic,,,,,
52,401235041,2020,3,regular,2020-09-19T23:00:00.000Z,False,False,False,,3625,Centennial Bank Stadium,2032,Arkansas State,Sun Belt,,,,2110,Central Arkansas,,,,,,
53,401215302,2020,3,regular,2020-09-19T23:30:00.000Z,False,False,True,,3817,Malone Stadium,2433,Louisiana Monroe,Sun Belt,,,,326,Texas State,Sun Belt,,,,,
54,401207106,2020,3,regular,2020-09-19T23:30:00.000Z,False,False,True,,3815,M. M. Roberts Stadium,2572,Southern Mississippi,Conference USA,,,,2348,Louisiana Tech,Conference USA,,,,,
55,401234570,2020,3,regular,2020-09-20T00:00:00.000Z,False,False,True,,3670,Carter-Finley Stadium,152,NC State,ACC,,,,154,Wake Forest,ACC,,,,,
56,401239885,2020,3,regular,2020-09-20T01:00:00.000Z,False,False,False,,3946,Sun Bowl Stadium,2638,UTEP,Conference USA,,,,2000,Abilene Christian,,,,,,
57,401207134,2020,4,regular,2020-09-26T00:00:00.000Z,False,False,False,,3604,Alamodome,2636,UT San Antonio,Conference USA,,,,235,Memphis,American Athletic,,,,,
58,401207125,2020,4,regular,2020-09-26T04:00:00.000Z,True,False,False,,4418,Jerry Richardson Stadium,2429,Charlotte,Conference USA,,,,2247,Georgia State,Sun Belt,,,,,
59,401236951,2020,4,regular,2020-09-26T04:00:00.000Z,True,False,True,,3838,Faurot Field,142,Missouri,SEC,,,,333,Alabama,SEC,,,,,
60,401237033,2020,4,regular,2020-09-26T04:00:00.000Z,True,False,True,,3887,Donald W. Reynolds Razorback Stadium Frank Broyles Field,8,Arkansas,SEC,,,,61,Georgia,SEC,,,,,
61,401235996,2020,4,regular,2020-09-26T04:00:00.000Z,True,False,True,,3835,Gaylord Family Oklahoma Memorial Stadium,201,Oklahoma,Big 12,,,,2306,Kansas State,Big 12,,,,,
62,401237035,2020,4,regular,2020-09-26T04:00:00.000Z,True,False,True,,3958,Tiger Stadium,99,LSU,SEC,,,,344,Mississippi State,SEC,,,,,
63,401236952,2020,4,regular,2020-09-26T04:00:00.000Z,True,False,True,,3974,Vaught-Hemingway Stadium,145,Ole Miss,SEC,,,,57,Florida,SEC,,,,,
64,401234596,2020,4,regular,2020-09-26T04:00:00.000Z,True,False,True,,3630,BB&T Field,154,Wake Forest,ACC,,,,87,Notre Dame,FBS Independents,,,,,
65,401237034,2020,4,regular,2020-09-26T04:00:00.000Z,True,False,True,,3785,Jordan-Hare Stadium,2,Auburn,SEC,,,,96,Kentucky,SEC,,,,,
66,401237037,2020,4,regular,2020-09-26T04:00:00.000Z,True,False,True,,3795,Kyle Field,245,Texas A&M,SEC,,,,238,Vanderbilt,SEC,,,,,
67,401235995,2020,4,regular,2020-09-26T04:00:00.000Z,True,False,True,,3784,Jones AT&T Stadium,2641,Texas Tech,Big 12,,,,251,Texas,Big 12,,,,,
68,401235997,2020,4,regular,2020-09-26T04:00:00.000Z,True,False,True,,3646,Boone Pickens Stadium,197,Oklahoma State,Big 12,,,,277,West Virginia,Big 12,,,,,
69,401212536,2020,4,regular,2020-09-26T04:00:00.000Z,True,False,True,,3699,Dowdy-Ficklen Stadium,151,East Carolina,American Athletic,,,,2116,UCF,American Athletic,,,,,
70,401235994,2020,4,regular,2020-09-26T04:00:00.000Z,True,False,True,,3616,Amon G. Carter Stadium,2628,TCU,Big 12,,,,66,Iowa State,Big 12,,,,,
71,401237036,2020,4,regular,2020-09-26T04:00:00.000Z,True,False,True,,3994,Williams-Brice Stadium,2579,South Carolina,SEC,,,,2633,Tennessee,SEC,,,,,
72,401212485,2020,4,regular,2020-09-26T04:00:00.000Z,True,False,False,,3735,Gerald J. Ford Stadium,2567,SMU,American Athletic,,,,2617,Stephen F. Austin,,,,,,
73,401212515,2020,4,regular,2020-09-26T04:00:00.000Z,True,False,True,,3852,Navy-Marine Corps Memorial Stadium,2426,Navy,American Athletic,,,,218,Temple,American Athletic,,,,,
74,401212530,2020,4,regular,2020-09-26T04:00:00.000Z,True,False,False,,3625,Centennial Bank Stadium,2032,Arkansas State,Sun Belt,,,,202,Tulsa,American Athletic,,,,,
75,401215303,2020,4,regular,2020-09-26T04:00:00.000Z,True,False,True,,3666,Cajun Field,309,Louisiana,Sun Belt,,,,290,Georgia Southern,Sun Belt,,,,,
76,401232157,2020,4,regular,2020-09-26T04:00:00.000Z,True,False,False,,3776,Joe Aillet Stadium,2348,Louisiana Tech,Conference USA,,,,2277,Houston Baptist,,,,,,
77,401234566,2020,4,regular,2020-09-26T04:00:00.000Z,True,False,True,,3799,Lane Stadium,259,Virginia Tech,ACC,,,,152,NC State,ACC,,,,,
78,401234593,2020,4,regular,2020-09-26T04:00:00.000Z,True,False,True,,3948,Hard Rock Stadium,2390,Miami,ACC,,,,52,Florida State,ACC,,,,,
79,401234594,2020,4,regular,2020-09-26T04:00:00.000Z,True,False,True,,1964,Carrier Dome,183,Syracuse,ACC,,,,59,Georgia Tech,ACC,,,,,
80,401234595,2020,4,regular,2020-09-26T04:00:00.000Z,True,False,True,,3752,Heinz Field,221,Pittsburgh,ACC,,,,97,Louisville,ACC,,,,,
81,401235993,2020,4,regular,2020-09-26T04:00:00.000Z,True,False,True,,4727,McLane Stadium,239,Baylor,Big 12,,,,2305,Kansas,Big 12,,,,,
82,401236223,2020,4,regular,2020-09-26T04:00:00.000Z,True,False,False,,3801,LaVell Edwards Stadium,252,BYU,FBS Independents,,,,2653,Troy,Sun Belt,,,,,
83,401236253,2020,4,regular,2020-09-26T04:00:00.000Z,True,False,False,,3792,Kidd Brewer Stadium,2026,Appalachian State,Sun Belt,,,,2097,Campbell,,,,,,
84,401207130,2020,4,regular,2020-09-26T04:00:00.000Z,True,False,False,,4728,John O'Quinn Field at TDECU Stadium,248,Houston,American Athletic,,,,249,North Texas,Conference USA,,,,,
85,401207132,2020,4,regular,2020-09-26T04:00:00.000Z,True,False,False,,6526,Hancock Whitney Stadium,6,South Alabama,Sun Belt,,,,5,UAB,Conference USA,,,,,
86,401240996,2020,4,regular,2020-09-26T04:00:00.000Z,True,False,False,,3854,Nippert Stadium,2132,Cincinnati,American Athletic,,,,349,Army,FBS Independents,,,,,
87,401241303,2020,4,regular,2020-09-26T04:00:00.000Z,True,False,False,,3615,Alumni Stadium,103,Boston College,ACC,,,,326,Texas State,Sun Belt,,,,,
88,401207126,2020,4,regular,2020-09-26T22:00:00.000Z,False,False,False,,3992,Williams Stadium,2335,Liberty,FBS Independents,,,,2229,Florida International,Conference USA,,,,,
89,401207127,2020,4,regular,2020-09-26T22:00:00.000Z,False,False,False,,3715,FAU Stadium,2226,Florida Atlantic,Conference USA,,,,58,South Florida,American Athletic,,,,,
90,401234734,2020,4,regular,2020-09-26T23:00:00.000Z,False,False,False,,3815,M. M. Roberts Stadium,2572,Southern Mississippi,Conference USA,,,,2655,Tulane,American Athletic,,,,,
91,401240194,2020,4,regular,2020-09-27T00:00:00.000Z,False,False,False,,3817,Malone Stadium,2433,Louisiana Monroe,Sun Belt,,,,2638,UTEP,Conference USA,,,,,
92,401212476,2020,5,regular,2020-10-03T04:00:00.000Z,True,False,True,,3854,Nippert Stadium,2132,Cincinnati,American Athletic,,,,58,South Florida,American Athletic,,,,,
93,401212531,2020,5,regular,2020-10-03T04:00:00.000Z,True,False,True,,3652,Bright House Networks Stadium,2116,UCF,American Athletic,,,,202,Tulsa,American Athletic,,,,,
94,401237099,2020,5,regular,2020-10-03T04:00:00.000Z,True,False,True,,3853,Neyland Stadium,2633,Tennessee,SEC,,,,142,Missouri,SEC,,,,,
95,401215306,2020,5,regular,2020-10-03T04:00:00.000Z,True,False,True,,6526,Hancock Whitney Stadium,6,South Alabama,Sun Belt,,,,2653,Troy,Sun Belt,,,,,
96,401234599,2020,5,regular,2020-10-03T04:00:00.000Z,True,False,True,,3982,Wallace Wade Stadium,150,Duke,ACC,,,,259,Virginia Tech,ACC,,,,,
97,401234598,2020,5,regular,2020-10-03T04:00:00.000Z,True,False,True,,3836,Memorial Stadium,228,Clemson,ACC,,,,258,Virginia,ACC,,,,,
98,401236000,2020,5,regular,2020-10-03T04:00:00.000Z,True,False,True,,3833,Memorial Stadium,2305,Kansas,Big 12,,,,197,Oklahoma State,Big 12,,,,,
99,401234597,2020,5,regular,2020-10-03T04:00:00.000Z,True,False,True,,3615,Alumni Stadium,103,Boston College,ACC,,,,153,North Carolina,ACC,,,,,
100,401237095,2020,5,regular,2020-10-03T04:00:00.000Z,True,False,True,,3917,Sanford Stadium,61,Georgia,SEC,,,,2,Auburn,SEC,,,,,
101,401235999,2020,5,regular,2020-10-03T04:00:00.000Z,True,False,True,,3772,Jack Trice Stadium,66,Iowa State,Big 12,,,,201,Oklahoma,Big 12,,,,,
102,401237093,2020,5,regular,2020-10-03T04:00:00.000Z,True,False,True,,3657,Bryant Denny Stadium,333,Alabama,SEC,,,,245,Texas A&M,SEC,,,,,
103,401237098,2020,5,regular,2020-10-03T04:00:00.000Z,True,False,True,,3973,Vanderbilt Stadium,238,Vanderbilt,SEC,,,,99,LSU,SEC,,,,,
104,401237096,2020,5,regular,2020-10-03T04:00:00.000Z,True,False,True,,3634,Ben Hill Griffin Stadium,57,Florida,SEC,,,,2579,South Carolina,SEC,,,,,
105,401236002,2020,5,regular,2020-10-03T04:00:00.000Z,True,False,True,,3910,Darrell K Royal-Texas Memorial Stadium,251,Texas,Big 12,,,,2628,TCU,Big 12,,,,,
106,401236001,2020,5,regular,2020-10-03T04:00:00.000Z,True,False,True,,3636,Bill Snyder Family Football Stadium,2306,Kansas State,Big 12,,,,2641,Texas Tech,Big 12,,,,,
107,401234600,2020,5,regular,2020-10-03T04:00:00.000Z,True,False,True,,3752,Heinz Field,221,Pittsburgh,ACC,,,,152,NC State,ACC,,,,,
108,401235998,2020,5,regular,2020-10-03T04:00:00.000Z,True,False,True,,3842,Mountaineer Field at Milan Puskar Stadium,277,West Virginia,Big 12,,,,239,Baylor,Big 12,,,,,
109,401237094,2020,5,regular,2020-10-03T04:00:00.000Z,True,False,True,,3693,Davis Wade Stadium,344,Mississippi State,SEC,,,,8,Arkansas,SEC,,,,,
110,401237097,2020,5,regular,2020-10-03T04:00:00.000Z,True,False,True,,3683,Commonwealth Stadium,96,Kentucky,SEC,,,,145,Ole Miss,SEC,,,,,
111,401207141,2020,5,regular,2020-10-03T04:00:00.000Z,True,False,True,,3803,Legion Field,5,UAB,Conference USA,,,,2636,UT San Antonio,Conference USA,,,,,
112,401212486,2020,5,regular,2020-10-03T04:00:00.000Z,True,False,True,,3735,Gerald J. Ford Stadium,2567,SMU,American Athletic,,,,235,Memphis,American Athletic,,,,,
113,401212547,2020,5,regular,2020-10-03T04:00:00.000Z,True,False,False,,4246,Georgia State Stadium,2247,Georgia State,Sun Belt,,,,151,East Carolina,American Athletic,,,,,
114,401212557,2020,5,regular,2020-10-03T04:00:00.000Z,True,False,False,,3713,Falcon Stadium,2005,Air Force,Mountain West,,,,2426,Navy,American Athletic,,,,,
115,401215304,2020,5,regular,2020-10-03T04:00:00.000Z,True,False,True,,3654,Brooks Stadium,324,Coastal Carolina,Sun Belt,,,,2032,Arkansas State,Sun Belt,,,,,
116,401207136,2020,5,regular,2020-10-03T04:00:00.000Z,True,False,True,,3715,FAU Stadium,2226,Florida Atlantic,Conference USA,,,,2429,Charlotte,Conference USA,,,,,
117,401207137,2020,5,regular,2020-10-03T04:00:00.000Z,True,False,True,,3775,Joan C. Edwards Stadium,276,Marshall,Conference USA,,,,242,Rice,Conference USA,,,,,
118,401207138,2020,5,regular,2020-10-03T04:00:00.000Z,True,False,True,,3725,"Johnny Red"""" Floyd Stadium""""",2393,Middle Tennessee,Conference USA,,,,98,Western Kentucky,Conference USA,,,,,
119,401238034,2020,5,regular,2020-10-03T04:00:00.000Z,True,False,False,,3697,Bobby Bowden Field at Doak Campbell Stadium,52,Florida State,ACC,,,,55,Jacksonville State,,,,,,
120,401240040,2020,5,regular,2020-10-03T17:30:00.000Z,False,False,False,,3841,Blaik Field at Michie Stadium,349,Army,FBS Independents,,,,2000,Abilene Christian,,,,,,
121,401237513,2020,5,regular,2020-10-03T22:00:00.000Z,False,False,False,,3992,Williams Stadium,2335,Liberty,FBS Independents,,,,2453,North Alabama,,,,,,
122,401215305,2020,5,regular,2020-10-03T23:00:00.000Z,False,False,True,,3817,Malone Stadium,2433,Louisiana Monroe,Sun Belt,,,,290,Georgia Southern,Sun Belt,,,,,
123,401207139,2020,5,regular,2020-10-03T23:30:00.000Z,False,False,True,,3825,Apogee Stadium,249,North Texas,Conference USA,,,,2572,Southern Mississippi,Conference USA,,,,,
124,401215307,2020,6,regular,2020-10-07T04:00:00.000Z,True,False,True,,3792,Kidd Brewer Stadium,2026,Appalachian State,Sun Belt,,,,309,Louisiana,Sun Belt,,,,,
125,401215308,2020,6,regular,2020-10-08T04:00:00.000Z,True,False,True,,3975,Veterans Memorial Stadium,2653,Troy,Sun Belt,,,,326,Texas State,Sun Belt,,,,,
126,401212523,2020,6,regular,2020-10-08T04:00:00.000Z,True,False,True,,4728,John O'Quinn Field at TDECU Stadium,248,Houston,American Athletic,,,,2655,Tulane,American Athletic,,,,,
127,401234601,2020,6,regular,2020-10-09T04:00:00.000Z,True,False,True,,721,Bobby Dodd Stadium at Historic Grant Field,59,Georgia Tech,ACC,,,,97,Louisville,ACC,,,,,
128,401240282,2020,6,regular,2020-10-09T04:00:00.000Z,True,False,False,,3630,BB&T Field,154,Wake Forest,ACC,,,,2097,Campbell,,,,,,
129,401234604,2020,6,regular,2020-10-10T04:00:00.000Z,True,False,True,,3836,Memorial Stadium,228,Clemson,ACC,,,,2390,Miami,ACC,,,,,
130,401237100,2020,6,regular,2020-10-10T04:00:00.000Z,True,False,True,,3974,Vaught-Hemingway Stadium,145,Ole Miss,SEC,,,,333,Alabama,SEC,,,,,
131,401237103,2020,6,regular,2020-10-10T04:00:00.000Z,True,False,True,,3917,Sanford Stadium,61,Georgia,SEC,,,,2633,Tennessee,SEC,,,,,
132,401236005,2020,6,regular,2020-10-10T04:00:00.000Z,True,True,True,,499,Cotton Bowl,201,Oklahoma,Big 12,,,,251,Texas,Big 12,,,,,
133,401237105,2020,6,regular,2020-10-10T04:00:00.000Z,True,False,True,,3958,Tiger Stadium,99,LSU,SEC,,,,142,Missouri,SEC,,,,,
134,401237102,2020,6,regular,2020-10-10T04:00:00.000Z,True,False,True,,3795,Kyle Field,245,Texas A&M,SEC,,,,57,Florida,SEC,,,,,
135,401234606,2020,6,regular,2020-10-10T04:00:00.000Z,True,False,True,,3855,Notre Dame Stadium,87,Notre Dame,FBS Independents,,,,52,Florida State,ACC,,,,,
136,401237101,2020,6,regular,2020-10-10T04:00:00.000Z,True,False,True,,3785,Jordan-Hare Stadium,2,Auburn,SEC,,,,8,Arkansas,SEC,,,,,
137,401234607,2020,6,regular,2020-10-10T04:00:00.000Z,True,False,True,,3787,Kenan Memorial Stadium,153,North Carolina,ACC,,,,259,Virginia Tech,ACC,,,,,
138,401236003,2020,6,regular,2020-10-10T04:00:00.000Z,True,False,True,,3772,Jack Trice Stadium,66,Iowa State,Big 12,,,,2641,Texas Tech,Big 12,,,,,
139,401234603,2020,6,regular,2020-10-10T04:00:00.000Z,True,False,True,,3615,Alumni Stadium,103,Boston College,ACC,,,,221,Pittsburgh,ACC,,,,,
140,401234605,2020,6,regular,2020-10-10T04:00:00.000Z,True,False,True,,1964,Carrier Dome,183,Syracuse,ACC,,,,150,Duke,ACC,,,,,
141,401234608,2020,6,regular,2020-10-10T04:00:00.000Z,True,False,True,,3923,Scott Stadium,258,Virginia,ACC,,,,152,NC State,ACC,,,,,
142,401236004,2020,6,regular,2020-10-10T04:00:00.000Z,True,False,True,,3616,Amon G. Carter Stadium,2628,TCU,Big 12,,,,2306,Kansas State,Big 12,,,,,
143,401237104,2020,6,regular,2020-10-10T04:00:00.000Z,True,False,True,,3683,Commonwealth Stadium,96,Kentucky,SEC,,,,344,Mississippi State,SEC,,,,,
144,401237106,2020,6,regular,2020-10-10T04:00:00.000Z,True,False,True,,3973,Vanderbilt Stadium,238,Vanderbilt,SEC,,,,2579,South Carolina,SEC,,,,,
145,401212477,2020,6,regular,2020-10-10T04:00:00.000Z,True,False,True,,3886,Raymond James Stadium,58,South Florida,American Athletic,,,,151,East Carolina,American Athletic,,,,,
146,401207147,2020,6,regular,2020-10-10T04:00:00.000Z,True,False,True,,3895,Rice Stadium,242,Rice,Conference USA,,,,5,UAB,Conference USA,,,,,
147,401207142,2020,6,regular,2020-10-10T04:00:00.000Z,True,False,True,,3825,Apogee Stadium,249,North Texas,Conference USA,,,,2429,Charlotte,Conference USA,,,,,
148,401207143,2020,6,regular,2020-10-10T04:00:00.000Z,True,False,True,,218,FIU Stadium,2229,Florida International,Conference USA,,,,2393,Middle Tennessee,Conference USA,,,,,
149,401207144,2020,6,regular,2020-10-10T04:00:00.000Z,True,False,True,,3815,M. M. Roberts Stadium,2572,Southern Mississippi,Conference USA,,,,2226,Florida Atlantic,Conference USA,,,,,
150,401207145,2020,6,regular,2020-10-10T04:00:00.000Z,True,False,True,,3776,Joe Aillet Stadium,2348,Louisiana Tech,Conference USA,,,,2638,UTEP,Conference USA,,,,,
151,401240997,2020,6,regular,2020-10-10T04:00:00.000Z,True,False,False,,3801,LaVell Edwards Stadium,252,BYU,FBS Independents,,,,2636,UT San Antonio,Conference USA,,,,,
152,401240114,2020,6,regular,2020-10-10T17:30:00.000Z,False,False,False,,3841,Blaik Field at Michie Stadium,349,Army,FBS Independents,,,,2643,The Citadel,,,,,,
153,401207215,2020,6,regular,2020-10-10T22:00:00.000Z,False,False,False,,3992,Williams Stadium,2335,Liberty,FBS Independents,,,,2433,Louisiana Monroe,Sun Belt,,,,,
154,401207146,2020,6,regular,2020-10-10T23:30:00.000Z,False,False,True,,3796,Houchens Industries-L. T. Smith Stadium,98,Western Kentucky,Conference USA,,,,276,Marshall,Conference USA,,,,,
155,401215309,2020,7,regular,2020-10-14T04:00:00.000Z,True,False,True,,3608,Paulson Stadium,290,Georgia Southern,Sun Belt,,,,2026,Appalachian State,Sun Belt,,,,,
156,401215310,2020,7,regular,2020-10-15T04:00:00.000Z,True,False,True,,3625,Centennial Bank Stadium,2032,Arkansas State,Sun Belt,,,,2247,Georgia State,Sun Belt,,,,,
157,401212487,2020,7,regular,2020-10-16T04:00:00.000Z,True,False,True,,4729,Benson Field at Yulman Stadium,2655,Tulane,American Athletic,,,,2567,SMU,American Athletic,,,,,
158,401212551,2020,7,regular,2020-10-16T04:00:00.000Z,True,False,False,,3801,LaVell Edwards Stadium,252,BYU,FBS Independents,,,,248,Houston,American Athletic,,,,,
159,401212478,2020,7,regular,2020-10-17T04:00:00.000Z,True,False,True,,3806,Lincoln Financial Field,218,Temple,American Athletic,,,,58,South Florida,American Athletic,,,,,
160,401234610,2020,7,regular,2020-10-17T04:00:00.000Z,True,False,True,,721,Bobby Dodd Stadium at Historic Grant Field,59,Georgia Tech,ACC,,,,228,Clemson,ACC,,,,,
161,401237107,2020,7,regular,2020-10-17T04:00:00.000Z,True,False,True,,3657,Bryant Denny Stadium,333,Alabama,SEC,,,,61,Georgia,SEC,,,,,
162,401237110,2020,7,regular,2020-10-17T04:00:00.000Z,True,False,True,,3634,Ben Hill Griffin Stadium,57,Florida,SEC,,,,99,LSU,SEC,,,,,
163,401234613,2020,7,regular,2020-10-17T04:00:00.000Z,True,False,True,,3855,Notre Dame Stadium,87,Notre Dame,FBS Independents,,,,97,Louisville,ACC,,,,,
164,401237109,2020,7,regular,2020-10-17T04:00:00.000Z,True,False,True,,3994,Williams-Brice Stadium,2579,South Carolina,SEC,,,,2,Auburn,SEC,,,,,
165,401237112,2020,7,regular,2020-10-17T04:00:00.000Z,True,False,True,,3693,Davis Wade Stadium,344,Mississippi State,SEC,,,,245,Texas A&M,SEC,,,,,
166,401236006,2020,7,regular,2020-10-17T04:00:00.000Z,True,False,True,,4727,McLane Stadium,239,Baylor,Big 12,,,,197,Oklahoma State,Big 12,,,,,
167,401234612,2020,7,regular,2020-10-17T04:00:00.000Z,True,False,True,,3697,Bobby Bowden Field at Doak Campbell Stadium,52,Florida State,ACC,,,,153,North Carolina,ACC,,,,,
168,401212532,2020,7,regular,2020-10-17T04:00:00.000Z,True,False,True,,3674,Skelly Field at H. A. Chapman Stadium,202,Tulsa,American Athletic,,,,2132,Cincinnati,American Athletic,,,,,
169,401212537,2020,7,regular,2020-10-17T04:00:00.000Z,True,False,True,,3805,Liberty Bowl Memorial Stadium,235,Memphis,American Athletic,,,,2116,UCF,American Athletic,,,,,
170,401237111,2020,7,regular,2020-10-17T04:00:00.000Z,True,False,True,,3853,Neyland Stadium,2633,Tennessee,SEC,,,,96,Kentucky,SEC,,,,,
171,401207153,2020,7,regular,2020-10-17T04:00:00.000Z,True,False,True,,3803,Legion Field,5,UAB,Conference USA,,,,98,Western Kentucky,Conference USA,,,,,
172,401212548,2020,7,regular,2020-10-17T04:00:00.000Z,True,False,True,,3699,Dowdy-Ficklen Stadium,151,East Carolina,American Athletic,,,,2426,Navy,American Athletic,,,,,
173,401207148,2020,7,regular,2020-10-17T04:00:00.000Z,True,False,True,,4418,Jerry Richardson Stadium,2429,Charlotte,Conference USA,,,,2229,Florida International,Conference USA,,,,,
174,401215311,2020,7,regular,2020-10-17T04:00:00.000Z,True,False,True,,3666,Cajun Field,309,Louisiana,Sun Belt,,,,324,Coastal Carolina,Sun Belt,,,,,
175,401215313,2020,7,regular,2020-10-17T04:00:00.000Z,True,False,True,,6526,Hancock Whitney Stadium,6,South Alabama,Sun Belt,,,,326,Texas State,Sun Belt,,,,,
176,401234609,2020,7,regular,2020-10-17T04:00:00.000Z,True,False,True,,3799,Lane Stadium,259,Virginia Tech,ACC,,,,103,Boston College,ACC,,,,,
177,401234611,2020,7,regular,2020-10-17T04:00:00.000Z,True,False,True,,3670,Carter-Finley Stadium,152,NC State,ACC,,,,150,Duke,ACC,,,,,
178,401234614,2020,7,regular,2020-10-17T04:00:00.000Z,True,False,True,,3948,Hard Rock Stadium,2390,Miami,ACC,,,,221,Pittsburgh,ACC,,,,,
179,401234615,2020,7,regular,2020-10-17T04:00:00.000Z,True,False,False,,1964,Carrier Dome,183,Syracuse,ACC,,,,2335,Liberty,FBS Independents,,,,,
180,401234616,2020,7,regular,2020-10-17T04:00:00.000Z,True,False,True,,3630,BB&T Field,154,Wake Forest,ACC,,,,258,Virginia,ACC,,,,,
181,401236007,2020,7,regular,2020-10-17T04:00:00.000Z,True,False,True,,3842,Mountaineer Field at Milan Puskar Stadium,277,West Virginia,Big 12,,,,2305,Kansas,Big 12,,,,,
182,401237108,2020,7,regular,2020-10-17T04:00:00.000Z,True,False,True,,3887,Donald W. Reynolds Razorback Stadium Frank Broyles Field,8,Arkansas,SEC,,,,145,Ole Miss,SEC,,,,,
183,401237113,2020,7,regular,2020-10-17T04:00:00.000Z,True,False,True,,3838,Faurot Field,142,Missouri,SEC,,,,238,Vanderbilt,SEC,,,,,
184,401240115,2020,7,regular,2020-10-17T17:30:00.000Z,False,False,False,,3604,Alamodome,2636,UT San Antonio,Conference USA,,,,349,Army,FBS Independents,,,,,
185,401207150,2020,7,regular,2020-10-17T21:00:00.000Z,False,False,True,,3725,"Johnny Red"""" Floyd Stadium""""",2393,Middle Tennessee,Conference USA,,,,249,North Texas,Conference USA,,,,,
186,401207149,2020,7,regular,2020-10-17T22:00:00.000Z,False,False,True,,3776,Joe Aillet Stadium,2348,Louisiana Tech,Conference USA,,,,276,Marshall,Conference USA,,,,,
187,401239872,2020,7,regular,2020-10-17T23:00:00.000Z,False,False,False,,3975,Veterans Memorial Stadium,2653,Troy,Sun Belt,,,,2198,Eastern Kentucky,,,,,,
188,401207152,2020,7,regular,2020-10-18T01:00:00.000Z,False,False,True,,3946,Sun Bowl Stadium,2638,UTEP,Conference USA,,,,2572,Southern Mississippi,Conference USA,,,,,
189,401215314,2020,8,regular,2020-10-22T04:00:00.000Z,True,False,True,,6526,Hancock Whitney Stadium,6,South Alabama,Sun Belt,,,,2433,Louisiana Monroe,Sun Belt,,,,,
190,401212479,2020,8,regular,2020-10-23T04:00:00.000Z,True,False,True,,3886,Raymond James Stadium,58,South Florida,American Athletic,,,,202,Tulsa,American Athletic,,,,,
191,401238036,2020,8,regular,2020-10-24T00:00:00.000Z,False,False,False,,3803,Legion Field,5,UAB,Conference USA,,,,309,Louisiana,Sun Belt,,,,,
192,401234620,2020,8,regular,2020-10-24T04:00:00.000Z,True,False,True,,3948,Hard Rock Stadium,2390,Miami,ACC,,,,258,Virginia,ACC,,,,,
193,401236010,2020,8,regular,2020-10-24T04:00:00.000Z,True,False,True,,3636,Bill Snyder Family Football Stadium,2306,Kansas State,Big 12,,,,2305,Kansas,Big 12,,,,,
194,401236012,2020,8,regular,2020-10-24T04:00:00.000Z,True,False,True,,3784,Jones AT&T Stadium,2641,Texas Tech,Big 12,,,,277,West Virginia,Big 12,,,,,
195,401240998,2020,8,regular,2020-10-24T04:00:00.000Z,True,False,False,,3801,LaVell Edwards Stadium,252,BYU,FBS Independents,,,,326,Texas State,Sun Belt,,,,,
196,401234623,2020,8,regular,2020-10-24T04:00:00.000Z,True,False,True,,3630,BB&T Field,154,Wake Forest,ACC,,,,259,Virginia Tech,ACC,,,,,
197,401234618,2020,8,regular,2020-10-24T04:00:00.000Z,True,False,True,,3836,Memorial Stadium,228,Clemson,ACC,,,,183,Syracuse,ACC,,,,,
198,401237114,2020,8,regular,2020-10-24T04:00:00.000Z,True,False,True,,3853,Neyland Stadium,2633,Tennessee,SEC,,,,333,Alabama,SEC,,,,,
199,401237117,2020,8,regular,2020-10-24T04:00:00.000Z,True,False,True,,3683,Commonwealth Stadium,96,Kentucky,SEC,,,,61,Georgia,SEC,,,,,
200,401236011,2020,8,regular,2020-10-24T04:00:00.000Z,True,False,True,,3616,Amon G. Carter Stadium,2628,TCU,Big 12,,,,201,Oklahoma,Big 12,,,,,
201,401237118,2020,8,regular,2020-10-24T04:00:00.000Z,True,False,True,,3958,Tiger Stadium,99,LSU,SEC,,,,2579,South Carolina,SEC,,,,,
202,401237116,2020,8,regular,2020-10-24T04:00:00.000Z,True,False,True,,3634,Ben Hill Griffin Stadium,57,Florida,SEC,,,,142,Missouri,SEC,,,,,
203,401234622,2020,8,regular,2020-10-24T04:00:00.000Z,True,False,True,,3752,Heinz Field,221,Pittsburgh,ACC,,,,87,Notre Dame,FBS Independents,,,,,
204,401237115,2020,8,regular,2020-10-24T04:00:00.000Z,True,False,True,,3974,Vaught-Hemingway Stadium,145,Ole Miss,SEC,,,,2,Auburn,SEC,,,,,
205,401236008,2020,8,regular,2020-10-24T04:00:00.000Z,True,False,True,,3910,Darrell K Royal-Texas Memorial Stadium,251,Texas,Big 12,,,,239,Baylor,Big 12,,,,,
206,401236009,2020,8,regular,2020-10-24T04:00:00.000Z,True,False,True,,3646,Boone Pickens Stadium,197,Oklahoma State,Big 12,,,,66,Iowa State,Big 12,,,,,
207,401234621,2020,8,regular,2020-10-24T04:00:00.000Z,True,False,True,,3787,Kenan Memorial Stadium,153,North Carolina,ACC,,,,152,NC State,ACC,,,,,
208,401212488,2020,8,regular,2020-10-24T04:00:00.000Z,True,False,True,,3735,Gerald J. Ford Stadium,2567,SMU,American Athletic,,,,2132,Cincinnati,American Athletic,,,,,
209,401212524,2020,8,regular,2020-10-24T04:00:00.000Z,True,False,True,,3652,Bright House Networks Stadium,2116,UCF,American Athletic,,,,2655,Tulane,American Athletic,,,,,
210,401215316,2020,8,regular,2020-10-24T04:00:00.000Z,True,False,True,,3654,Brooks Stadium,324,Coastal Carolina,Sun Belt,,,,290,Georgia Southern,Sun Belt,,,,,
211,401212516,2020,8,regular,2020-10-24T04:00:00.000Z,True,False,True,,3805,Liberty Bowl Memorial Stadium,235,Memphis,American Athletic,,,,218,Temple,American Athletic,,,,,
212,401212552,2020,8,regular,2020-10-24T04:00:00.000Z,True,False,True,,3852,Navy-Marine Corps Memorial Stadium,2426,Navy,American Athletic,,,,248,Houston,American Athletic,,,,,
213,401207102,2020,8,regular,2020-10-24T04:00:00.000Z,True,False,False,,3796,Houchens Industries-L. T. Smith Stadium,98,Western Kentucky,Conference USA,,,,236,Chattanooga,,,,,,
214,401207154,2020,8,regular,2020-10-24T04:00:00.000Z,True,False,True,,4418,Jerry Richardson Stadium,2429,Charlotte,Conference USA,,,,2638,UTEP,Conference USA,,,,,
215,401207157,2020,8,regular,2020-10-24T04:00:00.000Z,True,False,True,,3604,Alamodome,2636,UT San Antonio,Conference USA,,,,2348,Louisiana Tech,Conference USA,,,,,
216,401207158,2020,8,regular,2020-10-24T04:00:00.000Z,True,False,True,,3895,Rice Stadium,242,Rice,Conference USA,,,,2393,Middle Tennessee,Conference USA,,,,,
217,401234617,2020,8,regular,2020-10-24T04:00:00.000Z,True,False,True,,3615,Alumni Stadium,103,Boston College,ACC,,,,59,Georgia Tech,ACC,,,,,
218,401234619,2020,8,regular,2020-10-24T04:00:00.000Z,True,False,True,,3873,Papa John's Cardinal Stadium,97,Louisville,ACC,,,,52,Florida State,ACC,,,,,
219,401240116,2020,8,regular,2020-10-24T17:30:00.000Z,False,False,False,,3841,Blaik Field at Michie Stadium,349,Army,FBS Independents,,,,2382,Mercer,,,,,,
220,401207156,2020,8,regular,2020-10-24T18:30:00.000Z,False,False,True,,3775,Joan C. Edwards Stadium,276,Marshall,Conference USA,,,,2226,Florida Atlantic,Conference USA,,,,,
221,401215317,2020,8,regular,2020-10-24T19:30:00.000Z,False,False,True,,3975,Veterans Memorial Stadium,2653,Troy,Sun Belt,,,,2247,Georgia State,Sun Belt,,,,,
222,401240642,2020,8,regular,2020-10-24T19:30:00.000Z,False,False,True,,3792,Kidd Brewer Stadium,2026,Appalachian State,Sun Belt,,,,2032,Arkansas State,Sun Belt,,,,,
223,401207160,2020,8,regular,2020-10-24T22:00:00.000Z,False,False,False,,3992,Williams Stadium,2335,Liberty,FBS Independents,,,,2572,Southern Mississippi,Conference USA,,,,,
224,401215318,2020,9,regular,2020-10-29T04:00:00.000Z,True,False,True,,4246,Georgia State Stadium,2247,Georgia State,Sun Belt,,,,324,Coastal Carolina,Sun Belt,,,,,
225,401212533,2020,9,regular,2020-10-30T04:00:00.000Z,True,False,True,,3674,Skelly Field at H. A. Chapman Stadium,202,Tulsa,American Athletic,,,,151,East Carolina,American Athletic,,,,,
226,401207161,2020,9,regular,2020-10-30T23:00:00.000Z,False,False,True,,218,FIU Stadium,2229,Florida International,Conference USA,,,,276,Marshall,Conference USA,,,,,
227,401237119,2020,9,regular,2020-10-31T04:00:00.000Z,True,False,True,,3657,Bryant Denny Stadium,333,Alabama,SEC,,,,344,Mississippi State,SEC,,,,,
228,401236016,2020,9,regular,2020-10-31T04:00:00.000Z,True,False,True,,3784,Jones AT&T Stadium,2641,Texas Tech,Big 12,,,,201,Oklahoma,Big 12,,,,,
229,401237121,2020,9,regular,2020-10-31T04:00:00.000Z,True,False,True,,3785,Jordan-Hare Stadium,2,Auburn,SEC,,,,99,LSU,SEC,,,,,
230,401234626,2020,9,regular,2020-10-31T04:00:00.000Z,True,False,True,,721,Bobby Dodd Stadium at Historic Grant Field,59,Georgia Tech,ACC,,,,87,Notre Dame,FBS Independents,,,,,
231,401237120,2020,9,regular,2020-10-31T04:00:00.000Z,True,False,True,,3795,Kyle Field,245,Texas A&M,SEC,,,,8,Arkansas,SEC,,,,,
232,401236017,2020,9,regular,2020-10-31T04:00:00.000Z,True,False,True,,3646,Boone Pickens Stadium,197,Oklahoma State,Big 12,,,,251,Texas,Big 12,,,,,
233,401234628,2020,9,regular,2020-10-31T04:00:00.000Z,True,False,True,,3923,Scott Stadium,258,Virginia,ACC,,,,153,North Carolina,ACC,,,,,
234,401212543,2020,9,regular,2020-10-31T04:00:00.000Z,True,False,True,,3854,Nippert Stadium,2132,Cincinnati,American Athletic,,,,235,Memphis,American Athletic,,,,,
235,401212538,2020,9,regular,2020-10-31T04:00:00.000Z,True,False,True,,4728,John O'Quinn Field at TDECU Stadium,248,Houston,American Athletic,,,,2116,UCF,American Athletic,,,,,
236,401236014,2020,9,regular,2020-10-31T04:00:00.000Z,True,False,True,,3833,Memorial Stadium,2305,Kansas,Big 12,,,,66,Iowa State,Big 12,,,,,
237,401207166,2020,9,regular,2020-10-31T04:00:00.000Z,True,False,True,,3815,M. M. Roberts Stadium,2572,Southern Mississippi,Conference USA,,,,242,Rice,Conference USA,,,,,
238,401212489,2020,9,regular,2020-10-31T04:00:00.000Z,True,False,True,,3735,Gerald J. Ford Stadium,2567,SMU,American Athletic,,,,2426,Navy,American Athletic,,,,,
239,401212517,2020,9,regular,2020-10-31T04:00:00.000Z,True,False,True,,4729,Benson Field at Yulman Stadium,2655,Tulane,American Athletic,,,,218,Temple,American Athletic,,,,,
240,401215320,2020,9,regular,2020-10-31T04:00:00.000Z,True,False,True,,3625,Centennial Bank Stadium,2032,Arkansas State,Sun Belt,,,,2653,Troy,Sun Belt,,,,,
241,401215322,2020,9,regular,2020-10-31T04:00:00.000Z,True,False,True,,3644,Jim Wacker Field at Bobcat Stadium,326,Texas State,Sun Belt,,,,309,Louisiana,Sun Belt,,,,,
242,401234625,2020,9,regular,2020-10-31T04:00:00.000Z,True,False,False,,3982,Wallace Wade Stadium,150,Duke,ACC,,,,2429,Charlotte,Conference USA,,,,,
243,401234627,2020,9,regular,2020-10-31T04:00:00.000Z,True,False,True,,3873,Papa John's Cardinal Stadium,97,Louisville,ACC,,,,259,Virginia Tech,ACC,,,,,
244,401234629,2020,9,regular,2020-10-31T04:00:00.000Z,True,False,True,,1964,Carrier Dome,183,Syracuse,ACC,,,,154,Wake Forest,ACC,,,,,
245,401236013,2020,9,regular,2020-10-31T04:00:00.000Z,True,False,True,,4727,McLane Stadium,239,Baylor,Big 12,,,,2628,TCU,Big 12,,,,,
246,401236015,2020,9,regular,2020-10-31T04:00:00.000Z,True,False,True,,3842,Mountaineer Field at Milan Puskar Stadium,277,West Virginia,Big 12,,,,2306,Kansas State,Big 12,,,,,
247,401237122,2020,9,regular,2020-10-31T04:00:00.000Z,True,False,True,,3838,Faurot Field,142,Missouri,SEC,,,,96,Kentucky,SEC,,,,,
248,401237123,2020,9,regular,2020-10-31T04:00:00.000Z,True,False,True,,3973,Vanderbilt Stadium,238,Vanderbilt,SEC,,,,145,Ole Miss,SEC,,,,,
249,401239887,2020,9,regular,2020-10-31T04:00:00.000Z,True,False,False,,3801,LaVell Edwards Stadium,252,BYU,FBS Independents,,,,98,Western Kentucky,Conference USA,,,,,
250,401234624,2020,9,regular,2020-10-31T04:00:00.000Z,True,False,True,,3836,Memorial Stadium,228,Clemson,ACC,,,,103,Boston College,ACC,,,,,
251,401207162,2020,9,regular,2020-10-31T16:00:00.000Z,False,False,True,,3715,FAU Stadium,2226,Florida Atlantic,Conference USA,,,,2636,UT San Antonio,Conference USA,,,,,
252,401215321,2020,9,regular,2020-10-31T17:00:00.000Z,False,False,True,,3608,Paulson Stadium,290,Georgia Southern,Sun Belt,,,,6,South Alabama,Sun Belt,,,,,
253,401207163,2020,9,regular,2020-10-31T19:30:00.000Z,False,False,True,,3776,Joe Aillet Stadium,2348,Louisiana Tech,Conference USA,,,,5,UAB,Conference USA,,,,,
254,401207164,2020,9,regular,2020-10-31T20:00:00.000Z,False,False,True,,3946,Sun Bowl Stadium,2638,UTEP,Conference USA,,,,249,North Texas,Conference USA,,,,,
255,401215319,2020,9,regular,2020-10-31T23:00:00.000Z,False,False,True,,3817,Malone Stadium,2433,Louisiana Monroe,Sun Belt,,,,2026,Appalachian State,Sun Belt,,,,,
256,401215323,2020,10,regular,2020-11-05T05:00:00.000Z,True,False,True,,3666,Cajun Field,309,Louisiana,Sun Belt,,,,2032,Arkansas State,Sun Belt,,,,,
257,401212490,2020,10,regular,2020-11-05T05:00:00.000Z,True,False,True,,3806,Lincoln Financial Field,218,Temple,American Athletic,,,,2567,SMU,American Athletic,,,,,
258,401234630,2020,10,regular,2020-11-06T05:00:00.000Z,True,False,True,,3670,Carter-Finley Stadium,152,NC State,ACC,,,,2390,Miami,ACC,,,,,
259,401237125,2020,10,regular,2020-11-07T05:00:00.000Z,True,True,True,,3712,EverBank Field,61,Georgia,SEC,,,,57,Florida,SEC,,,,,
260,401236019,2020,10,regular,2020-11-07T05:00:00.000Z,True,False,True,,3835,Gaylord Family Oklahoma Memorial Stadium,201,Oklahoma,Big 12,,,,2305,Kansas,Big 12,,,,,
261,401237127,2020,10,regular,2020-11-07T05:00:00.000Z,True,False,True,,3994,Williams-Brice Stadium,2579,South Carolina,SEC,,,,245,Texas A&M,SEC,,,,,
262,401234632,2020,10,regular,2020-11-07T05:00:00.000Z,True,False,True,,3855,Notre Dame Stadium,87,Notre Dame,FBS Independents,,,,228,Clemson,ACC,,,,,
263,401236022,2020,10,regular,2020-11-07T05:00:00.000Z,True,False,True,,3910,Darrell K Royal-Texas Memorial Stadium,251,Texas,Big 12,,,,277,West Virginia,Big 12,,,,,
264,401236020,2020,10,regular,2020-11-07T05:00:00.000Z,True,False,True,,3636,Bill Snyder Family Football Stadium,2306,Kansas State,Big 12,,,,197,Oklahoma State,Big 12,,,,,
265,401234633,2020,10,regular,2020-11-07T05:00:00.000Z,True,False,True,,3982,Wallace Wade Stadium,150,Duke,ACC,,,,153,North Carolina,ACC,,,,,
266,401212544,2020,10,regular,2020-11-07T05:00:00.000Z,True,False,True,,3854,Nippert Stadium,2132,Cincinnati,American Athletic,,,,248,Houston,American Athletic,,,,,
267,401236018,2020,10,regular,2020-11-07T05:00:00.000Z,True,False,True,,3772,Jack Trice Stadium,66,Iowa State,Big 12,,,,239,Baylor,Big 12,,,,,
268,401237124,2020,10,regular,2020-11-07T05:00:00.000Z,True,False,True,,3887,Donald W. Reynolds Razorback Stadium Frank Broyles Field,8,Arkansas,SEC,,,,2633,Tennessee,SEC,,,,,
269,401234631,2020,10,regular,2020-11-07T05:00:00.000Z,True,False,True,,1964,Carrier Dome,183,Syracuse,ACC,,,,103,Boston College,ACC,,,,,
270,401234634,2020,10,regular,2020-11-07T05:00:00.000Z,True,False,True,,3697,Bobby Bowden Field at Doak Campbell Stadium,52,Florida State,ACC,,,,221,Pittsburgh,ACC,,,,,
271,401234635,2020,10,regular,2020-11-07T05:00:00.000Z,True,False,True,,3923,Scott Stadium,258,Virginia,ACC,,,,97,Louisville,ACC,,,,,
272,401234636,2020,10,regular,2020-11-07T05:00:00.000Z,True,False,False,,3799,Lane Stadium,259,Virginia Tech,ACC,,,,2335,Liberty,FBS Independents,,,,,
273,401236021,2020,10,regular,2020-11-07T05:00:00.000Z,True,False,True,,3616,Amon G. Carter Stadium,2628,TCU,Big 12,,,,2641,Texas Tech,Big 12,,,,,
274,401237126,2020,10,regular,2020-11-07T05:00:00.000Z,True,False,True,,3693,Davis Wade Stadium,344,Mississippi State,SEC,,,,238,Vanderbilt,SEC,,,,,
275,401240035,2020,10,regular,2020-11-07T05:00:00.000Z,True,False,False,,3815,M. M. Roberts Stadium,2572,Southern Mississippi,Conference USA,,,,2453,North Alabama,,,,,,
276,401215324,2020,10,regular,2020-11-07T05:00:00.000Z,True,False,True,,3644,Jim Wacker Field at Bobcat Stadium,326,Texas State,Sun Belt,,,,2026,Appalachian State,Sun Belt,,,,,
277,401215325,2020,10,regular,2020-11-07T05:00:00.000Z,True,False,True,,3654,Brooks Stadium,324,Coastal Carolina,Sun Belt,,,,6,South Alabama,Sun Belt,,,,,
278,401207172,2020,10,regular,2020-11-07T05:00:00.000Z,True,False,True,,3895,Rice Stadium,242,Rice,Conference USA,,,,2636,UT San Antonio,Conference USA,,,,,
279,401212480,2020,10,regular,2020-11-07T05:00:00.000Z,True,False,True,,3805,Liberty Bowl Memorial Stadium,235,Memphis,American Athletic,,,,58,South Florida,American Athletic,,,,,
280,401215327,2020,10,regular,2020-11-07T05:00:00.000Z,True,False,True,,4246,Georgia State Stadium,2247,Georgia State,Sun Belt,,,,2433,Louisiana Monroe,Sun Belt,,,,,
281,401212525,2020,10,regular,2020-11-07T05:00:00.000Z,True,False,True,,3699,Dowdy-Ficklen Stadium,151,East Carolina,American Athletic,,,,2655,Tulane,American Athletic,,,,,
282,401212534,2020,10,regular,2020-11-07T05:00:00.000Z,True,False,True,,3852,Navy-Marine Corps Memorial Stadium,2426,Navy,American Athletic,,,,202,Tulsa,American Athletic,,,,,
283,401207167,2020,10,regular,2020-11-07T05:00:00.000Z,True,False,True,,3725,"Johnny Red"""" Floyd Stadium""""",2393,Middle Tennessee,Conference USA,,,,2429,Charlotte,Conference USA,,,,,
284,401207199,2020,10,regular,2020-11-07T16:30:00.000Z,False,False,False,,3841,Blaik Field at Michie Stadium,349,Army,FBS Independents,,,,2005,Air Force,Mountain West,,,,,
285,401215326,2020,10,regular,2020-11-07T20:30:00.000Z,False,False,True,,3608,Paulson Stadium,290,Georgia Southern,Sun Belt,,,,2653,Troy,Sun Belt,,,,,
286,401207168,2020,10,regular,2020-11-07T21:00:00.000Z,False,False,True,,3946,Sun Bowl Stadium,2638,UTEP,Conference USA,,,,2229,Florida International,Conference USA,,,,,
287,401207169,2020,10,regular,2020-11-07T23:00:00.000Z,False,False,True,,3715,FAU Stadium,2226,Florida Atlantic,Conference USA,,,,98,Western Kentucky,Conference USA,,,,,
288,401207170,2020,10,regular,2020-11-07T23:00:00.000Z,False,False,True,,3825,Apogee Stadium,249,North Texas,Conference USA,,,,2348,Louisiana Tech,Conference USA,,,,,
289,401207174,2020,11,regular,2020-11-14T00:00:00.000Z,False,False,True,,218,FIU Stadium,2229,Florida International,Conference USA,,,,2226,Florida Atlantic,Conference USA,,,,,
290,401237128,2020,11,regular,2020-11-14T05:00:00.000Z,True,False,True,,3958,Tiger Stadium,99,LSU,SEC,,,,333,Alabama,SEC,,,,,
291,401237131,2020,11,regular,2020-11-14T05:00:00.000Z,True,False,True,,3838,Faurot Field,142,Missouri,SEC,,,,61,Georgia,SEC,,,,,
292,401237129,2020,11,regular,2020-11-14T05:00:00.000Z,True,False,True,,3634,Ben Hill Griffin Stadium,57,Florida,SEC,,,,8,Arkansas,SEC,,,,,
293,401234637,2020,11,regular,2020-11-14T05:00:00.000Z,True,False,True,,3615,Alumni Stadium,103,Boston College,ACC,,,,87,Notre Dame,FBS Independents,,,,,
294,401237130,2020,11,regular,2020-11-14T05:00:00.000Z,True,False,True,,3693,Davis Wade Stadium,344,Mississippi State,SEC,,,,2,Auburn,SEC,,,,,
295,401237134,2020,11,regular,2020-11-14T05:00:00.000Z,True,False,True,,3853,Neyland Stadium,2633,Tennessee,SEC,,,,245,Texas A&M,SEC,,,,,
296,401234642,2020,11,regular,2020-11-14T05:00:00.000Z,True,False,True,,3787,Kenan Memorial Stadium,153,North Carolina,ACC,,,,154,Wake Forest,ACC,,,,,
297,401212545,2020,11,regular,2020-11-14T05:00:00.000Z,True,False,True,,3854,Nippert Stadium,2132,Cincinnati,American Athletic,,,,151,East Carolina,American Athletic,,,,,
298,401212518,2020,11,regular,2020-11-14T05:00:00.000Z,True,False,True,,3652,Bright House Networks Stadium,2116,UCF,American Athletic,,,,218,Temple,American Athletic,,,,,
299,401207175,2020,11,regular,2020-11-14T05:00:00.000Z,True,False,True,,3776,Joe Aillet Stadium,2348,Louisiana Tech,Conference USA,,,,242,Rice,Conference USA,,,,,
300,401207177,2020,11,regular,2020-11-14T05:00:00.000Z,True,False,True,,3803,Legion Field,5,UAB,Conference USA,,,,249,North Texas,Conference USA,,,,,
301,401212481,2020,11,regular,2020-11-14T05:00:00.000Z,True,False,True,,4728,John O'Quinn Field at TDECU Stadium,248,Houston,American Athletic,,,,58,South Florida,American Athletic,,,,,
302,401212491,2020,11,regular,2020-11-14T05:00:00.000Z,True,False,True,,3674,Skelly Field at H. A. Chapman Stadium,202,Tulsa,American Athletic,,,,2567,SMU,American Athletic,,,,,
303,401212554,2020,11,regular,2020-11-14T05:00:00.000Z,True,False,True,,3852,Navy-Marine Corps Memorial Stadium,2426,Navy,American Athletic,,,,235,Memphis,American Athletic,,,,,
304,401207179,2020,11,regular,2020-11-14T05:00:00.000Z,True,False,True,,3604,Alamodome,2636,UT San Antonio,Conference USA,,,,2638,UTEP,Conference USA,,,,,
305,401207200,2020,11,regular,2020-11-14T05:00:00.000Z,True,False,False,,4729,Benson Field at Yulman Stadium,2655,Tulane,American Athletic,,,,349,Army,FBS Independents,,,,,
306,401215329,2020,11,regular,2020-11-14T05:00:00.000Z,True,False,True,,3625,Centennial Bank Stadium,2032,Arkansas State,Sun Belt,,,,2433,Louisiana Monroe,Sun Belt,,,,,
307,401215332,2020,11,regular,2020-11-14T05:00:00.000Z,True,False,True,,3666,Cajun Field,309,Louisiana,Sun Belt,,,,6,South Alabama,Sun Belt,,,,,
308,401234638,2020,11,regular,2020-11-14T05:00:00.000Z,True,False,True,,3923,Scott Stadium,258,Virginia,ACC,,,,150,Duke,ACC,,,,,
309,401234639,2020,11,regular,2020-11-14T05:00:00.000Z,True,False,True,,3670,Carter-Finley Stadium,152,NC State,ACC,,,,52,Florida State,ACC,,,,,
310,401234640,2020,11,regular,2020-11-14T05:00:00.000Z,True,False,True,,721,Bobby Dodd Stadium at Historic Grant Field,59,Georgia Tech,ACC,,,,221,Pittsburgh,ACC,,,,,
311,401234641,2020,11,regular,2020-11-14T05:00:00.000Z,True,False,True,,3799,Lane Stadium,259,Virginia Tech,ACC,,,,2390,Miami,ACC,,,,,
312,401236023,2020,11,regular,2020-11-14T05:00:00.000Z,True,False,True,,3784,Jones AT&T Stadium,2641,Texas Tech,Big 12,,,,239,Baylor,Big 12,,,,,
313,401236024,2020,11,regular,2020-11-14T05:00:00.000Z,True,False,True,,3842,Mountaineer Field at Milan Puskar Stadium,277,West Virginia,Big 12,,,,2628,TCU,Big 12,,,,,
314,401237132,2020,11,regular,2020-11-14T05:00:00.000Z,True,False,True,,3683,Commonwealth Stadium,96,Kentucky,SEC,,,,238,Vanderbilt,SEC,,,,,
315,401237133,2020,11,regular,2020-11-14T05:00:00.000Z,True,False,True,,3974,Vaught-Hemingway Stadium,145,Ole Miss,SEC,,,,2579,South Carolina,SEC,,,,,
316,401207176,2020,11,regular,2020-11-14T18:30:00.000Z,False,False,True,,3775,Joan C. Edwards Stadium,276,Marshall,Conference USA,,,,2393,Middle Tennessee,Conference USA,,,,,
317,401207218,2020,11,regular,2020-11-14T19:00:00.000Z,False,False,False,,3992,Williams Stadium,2335,Liberty,FBS Independents,,,,2717,Western Carolina,,,,,,
318,401215328,2020,11,regular,2020-11-14T19:30:00.000Z,False,False,True,,3792,Kidd Brewer Stadium,2026,Appalachian State,Sun Belt,,,,2247,Georgia State,Sun Belt,,,,,
319,401215330,2020,11,regular,2020-11-14T20:30:00.000Z,False,False,True,,3975,Veterans Memorial Stadium,2653,Troy,Sun Belt,,,,324,Coastal Carolina,Sun Belt,,,,,
320,401215331,2020,11,regular,2020-11-14T20:30:00.000Z,False,False,True,,3608,Paulson Stadium,290,Georgia Southern,Sun Belt,,,,326,Texas State,Sun Belt,,,,,
321,401207178,2020,11,regular,2020-11-14T23:00:00.000Z,False,False,True,,3796,Houchens Industries-L. T. Smith Stadium,98,Western Kentucky,Conference USA,,,,2572,Southern Mississippi,Conference USA,,,,,
322,401234643,2020,12,regular,2020-11-20T05:00:00.000Z,True,False,True,,3873,Papa John's Cardinal Stadium,97,Louisville,ACC,,,,183,Syracuse,ACC,,,,,
323,401234644,2020,12,regular,2020-11-21T05:00:00.000Z,True,False,True,,3697,Bobby Bowden Field at Doak Campbell Stadium,52,Florida State,ACC,,,,228,Clemson,ACC,,,,,
324,401237135,2020,12,regular,2020-11-21T05:00:00.000Z,True,False,True,,3657,Bryant Denny Stadium,333,Alabama,SEC,,,,96,Kentucky,SEC,,,,,
325,401237139,2020,12,regular,2020-11-21T05:00:00.000Z,True,False,True,,3917,Sanford Stadium,61,Georgia,SEC,,,,344,Mississippi State,SEC,,,,,
326,401236027,2020,12,regular,2020-11-21T05:00:00.000Z,True,False,True,,3835,Gaylord Family Oklahoma Memorial Stadium,201,Oklahoma,Big 12,,,,197,Oklahoma State,Big 12,,,,,
327,401237136,2020,12,regular,2020-11-21T05:00:00.000Z,True,False,True,,3887,Donald W. Reynolds Razorback Stadium Frank Broyles Field,8,Arkansas,SEC,,,,99,LSU,SEC,,,,,
328,401237138,2020,12,regular,2020-11-21T05:00:00.000Z,True,False,True,,3973,Vanderbilt Stadium,238,Vanderbilt,SEC,,,,57,Florida,SEC,,,,,
329,401237137,2020,12,regular,2020-11-21T05:00:00.000Z,True,False,True,,3785,Jordan-Hare Stadium,2,Auburn,SEC,,,,2633,Tennessee,SEC,,,,,
330,401237140,2020,12,regular,2020-11-21T05:00:00.000Z,True,False,True,,3795,Kyle Field,245,Texas A&M,SEC,,,,145,Ole Miss,SEC,,,,,
331,401236026,2020,12,regular,2020-11-21T05:00:00.000Z,True,False,True,,3833,Memorial Stadium,2305,Kansas,Big 12,,,,251,Texas,Big 12,,,,,
332,401212540,2020,12,regular,2020-11-21T05:00:00.000Z,True,False,True,,3652,Bright House Networks Stadium,2116,UCF,American Athletic,,,,2132,Cincinnati,American Athletic,,,,,
333,401236025,2020,12,regular,2020-11-21T05:00:00.000Z,True,False,True,,3772,Jack Trice Stadium,66,Iowa State,Big 12,,,,2306,Kansas State,Big 12,,,,,
334,401234645,2020,12,regular,2020-11-21T05:00:00.000Z,True,False,True,,3982,Wallace Wade Stadium,150,Duke,ACC,,,,154,Wake Forest,ACC,,,,,
335,401234646,2020,12,regular,2020-11-21T05:00:00.000Z,True,False,True,,3948,Hard Rock Stadium,2390,Miami,ACC,,,,59,Georgia Tech,ACC,,,,,
336,401234647,2020,12,regular,2020-11-21T05:00:00.000Z,True,False,False,,3670,Carter-Finley Stadium,152,NC State,ACC,,,,2335,Liberty,FBS Independents,,,,,
337,401234648,2020,12,regular,2020-11-21T05:00:00.000Z,True,False,True,,3752,Heinz Field,221,Pittsburgh,ACC,,,,259,Virginia Tech,ACC,,,,,
338,401207181,2020,12,regular,2020-11-21T05:00:00.000Z,True,False,True,,3796,Houchens Industries-L. T. Smith Stadium,98,Western Kentucky,Conference USA,,,,2229,Florida International,Conference USA,,,,,
339,401207184,2020,12,regular,2020-11-21T05:00:00.000Z,True,False,True,,3825,Apogee Stadium,249,North Texas,Conference USA,,,,242,Rice,Conference USA,,,,,
340,401207185,2020,12,regular,2020-11-21T05:00:00.000Z,True,False,True,,3815,M. M. Roberts Stadium,2572,Southern Mississippi,Conference USA,,,,2636,UT San Antonio,Conference USA,,,,,
341,401209818,2020,12,regular,2020-11-21T05:00:00.000Z,True,False,False,,3801,LaVell Edwards Stadium,252,BYU,FBS Independents,,,,2453,North Alabama,,,,,,
342,401212482,2020,12,regular,2020-11-21T05:00:00.000Z,True,False,True,,3886,Raymond James Stadium,58,South Florida,American Athletic,,,,2426,Navy,American Athletic,,,,,
343,401212519,2020,12,regular,2020-11-21T05:00:00.000Z,True,False,True,,3806,Lincoln Financial Field,218,Temple,American Athletic,,,,151,East Carolina,American Athletic,,,,,
344,401212526,2020,12,regular,2020-11-21T05:00:00.000Z,True,False,True,,3674,Skelly Field at H. A. Chapman Stadium,202,Tulsa,American Athletic,,,,2655,Tulane,American Athletic,,,,,
345,401215333,2020,12,regular,2020-11-21T05:00:00.000Z,True,False,True,,3654,Brooks Stadium,324,Coastal Carolina,Sun Belt,,,,2026,Appalachian State,Sun Belt,,,,,
346,401215334,2020,12,regular,2020-11-21T05:00:00.000Z,True,False,True,,3644,Jim Wacker Field at Bobcat Stadium,326,Texas State,Sun Belt,,,,2032,Arkansas State,Sun Belt,,,,,
347,401215335,2020,12,regular,2020-11-21T05:00:00.000Z,True,False,True,,6526,Hancock Whitney Stadium,6,South Alabama,Sun Belt,,,,2247,Georgia State,Sun Belt,,,,,
348,401237141,2020,12,regular,2020-11-21T05:00:00.000Z,True,False,True,,3994,Williams-Brice Stadium,2579,South Carolina,SEC,,,,142,Missouri,SEC,,,,,
349,401240061,2020,12,regular,2020-11-21T05:00:00.000Z,True,False,False,,3666,Cajun Field,309,Louisiana,Sun Belt,,,,2110,Central Arkansas,,,,,,
350,401212492,2020,12,regular,2020-11-21T05:00:00.000Z,True,False,True,,3735,Gerald J. Ford Stadium,2567,SMU,American Athletic,,,,248,Houston,American Athletic,,,,,
351,401207180,2020,12,regular,2020-11-21T17:30:00.000Z,False,False,True,,3775,Joan C. Edwards Stadium,276,Marshall,Conference USA,,,,2429,Charlotte,Conference USA,,,,,
352,401235975,2020,12,regular,2020-11-21T18:30:00.000Z,False,False,False,,3841,Blaik Field at Michie Stadium,349,Army,FBS Independents,,,,290,Georgia Southern,Sun Belt,,,,,
353,401240641,2020,12,regular,2020-11-21T20:30:00.000Z,False,False,False,,3975,Veterans Memorial Stadium,2653,Troy,Sun Belt,,,,2393,Middle Tennessee,Conference USA,,,,,
354,401207186,2020,12,regular,2020-11-21T21:00:00.000Z,False,False,True,,3946,Sun Bowl Stadium,2638,UTEP,Conference USA,,,,5,UAB,Conference USA,,,,,
355,401240639,2020,12,regular,2020-11-21T21:00:00.000Z,False,True,False,,3766,Independence Stadium,2348,Louisiana Tech,Conference USA,,,,2433,Louisiana Monroe,Sun Belt,,,,,
356,401234649,2020,13,regular,2020-11-27T05:00:00.000Z,True,False,True,,3615,Alumni Stadium,103,Boston College,ACC,,,,97,Louisville,ACC,,,,,
357,401234650,2020,13,regular,2020-11-27T05:00:00.000Z,True,False,True,,3787,Kenan Memorial Stadium,153,North Carolina,ACC,,,,87,Notre Dame,FBS Independents,,,,,
358,401212483,2020,13,regular,2020-11-27T05:00:00.000Z,True,False,True,,3886,Raymond James Stadium,58,South Florida,American Athletic,,,,2116,UCF,American Athletic,,,,,
359,401207193,2020,13,regular,2020-11-27T20:30:00.000Z,False,False,True,,3803,Legion Field,5,UAB,Conference USA,,,,2572,Southern Mississippi,Conference USA,,,,,
360,401237142,2020,13,regular,2020-11-28T05:00:00.000Z,True,False,True,,3657,Bryant Denny Stadium,333,Alabama,SEC,,,,2,Auburn,SEC,,,,,
361,401237145,2020,13,regular,2020-11-28T05:00:00.000Z,True,False,True,,3994,Williams-Brice Stadium,2579,South Carolina,SEC,,,,61,Georgia,SEC,,,,,
362,401236031,2020,13,regular,2020-11-28T05:00:00.000Z,True,False,True,,3842,Mountaineer Field at Milan Puskar Stadium,277,West Virginia,Big 12,,,,201,Oklahoma,Big 12,,,,,
363,401237146,2020,13,regular,2020-11-28T05:00:00.000Z,True,False,True,,3795,Kyle Field,245,Texas A&M,SEC,,,,99,LSU,SEC,,,,,
364,401237144,2020,13,regular,2020-11-28T05:00:00.000Z,True,False,True,,3634,Ben Hill Griffin Stadium,57,Florida,SEC,,,,96,Kentucky,SEC,,,,,
365,401236029,2020,13,regular,2020-11-28T05:00:00.000Z,True,False,True,,3910,Darrell K Royal-Texas Memorial Stadium,251,Texas,Big 12,,,,66,Iowa State,Big 12,,,,,
366,401236032,2020,13,regular,2020-11-28T05:00:00.000Z,True,False,True,,3646,Boone Pickens Stadium,197,Oklahoma State,Big 12,,,,2641,Texas Tech,Big 12,,,,,
367,401212520,2020,13,regular,2020-11-28T05:00:00.000Z,True,False,True,,3806,Lincoln Financial Field,218,Temple,American Athletic,,,,2132,Cincinnati,American Athletic,,,,,
368,401237148,2020,13,regular,2020-11-28T05:00:00.000Z,True,False,True,,3973,Vanderbilt Stadium,238,Vanderbilt,SEC,,,,2633,Tennessee,SEC,,,,,
369,401207192,2020,13,regular,2020-11-28T05:00:00.000Z,True,False,True,,3895,Rice Stadium,242,Rice,Conference USA,,,,2638,UTEP,Conference USA,,,,,
370,401215337,2020,13,regular,2020-11-28T05:00:00.000Z,True,False,True,,3625,Centennial Bank Stadium,2032,Arkansas State,Sun Belt,,,,6,South Alabama,Sun Belt,,,,,
371,401234651,2020,13,regular,2020-11-28T05:00:00.000Z,True,False,True,,3836,Memorial Stadium,228,Clemson,ACC,,,,221,Pittsburgh,ACC,,,,,
372,401215339,2020,13,regular,2020-11-28T05:00:00.000Z,True,False,True,,4246,Georgia State Stadium,2247,Georgia State,Sun Belt,,,,290,Georgia Southern,Sun Belt,,,,,
373,401212513,2020,13,regular,2020-11-28T05:00:00.000Z,True,False,True,,3699,Dowdy-Ficklen Stadium,151,East Carolina,American Athletic,,,,2567,SMU,American Athletic,,,,,
374,401212527,2020,13,regular,2020-11-28T05:00:00.000Z,True,False,True,,4729,Benson Field at Yulman Stadium,2655,Tulane,American Athletic,,,,235,Memphis,American Athletic,,,,,
375,401212535,2020,13,regular,2020-11-28T05:00:00.000Z,True,False,True,,4728,John O'Quinn Field at TDECU Stadium,248,Houston,American Athletic,,,,202,Tulsa,American Athletic,,,,,
376,401207187,2020,13,regular,2020-11-28T05:00:00.000Z,True,False,True,,4418,Jerry Richardson Stadium,2429,Charlotte,Conference USA,,,,98,Western Kentucky,Conference USA,,,,,
377,401207188,2020,13,regular,2020-11-28T05:00:00.000Z,True,False,True,,218,FIU Stadium,2229,Florida International,Conference USA,,,,2348,Louisiana Tech,Conference USA,,,,,
378,401207189,2020,13,regular,2020-11-28T05:00:00.000Z,True,False,True,,3725,"Johnny Red"""" Floyd Stadium""""",2393,Middle Tennessee,Conference USA,,,,2226,Florida Atlantic,Conference USA,,,,,
379,401234652,2020,13,regular,2020-11-28T05:00:00.000Z,True,False,True,,721,Bobby Dodd Stadium at Historic Grant Field,59,Georgia Tech,ACC,,,,150,Duke,ACC,,,,,
380,401234653,2020,13,regular,2020-11-28T05:00:00.000Z,True,False,True,,3697,Bobby Bowden Field at Doak Campbell Stadium,52,Florida State,ACC,,,,258,Virginia,ACC,,,,,
381,401234654,2020,13,regular,2020-11-28T05:00:00.000Z,True,False,True,,3630,BB&T Field,154,Wake Forest,ACC,,,,2390,Miami,ACC,,,,,
382,401234655,2020,13,regular,2020-11-28T05:00:00.000Z,True,False,True,,1964,Carrier Dome,183,Syracuse,ACC,,,,152,NC State,ACC,,,,,
383,401236028,2020,13,regular,2020-11-28T05:00:00.000Z,True,False,True,,4727,McLane Stadium,239,Baylor,Big 12,,,,2306,Kansas State,Big 12,,,,,
384,401236030,2020,13,regular,2020-11-28T05:00:00.000Z,True,False,True,,3833,Memorial Stadium,2305,Kansas,Big 12,,,,2628,TCU,Big 12,,,,,
385,401237143,2020,13,regular,2020-11-28T05:00:00.000Z,True,False,True,,3838,Faurot Field,142,Missouri,SEC,,,,8,Arkansas,SEC,,,,,
386,401237147,2020,13,regular,2020-11-28T05:00:00.000Z,True,False,True,,3974,Vaught-Hemingway Stadium,145,Ole Miss,SEC,,,,344,Mississippi State,SEC,,,,,
387,401215338,2020,13,regular,2020-11-28T05:00:00.000Z,True,False,True,,3644,Jim Wacker Field at Bobcat Stadium,326,Texas State,Sun Belt,,,,324,Coastal Carolina,Sun Belt,,,,,
388,401215336,2020,13,regular,2020-11-28T19:30:00.000Z,False,False,True,,3792,Kidd Brewer Stadium,2026,Appalachian State,Sun Belt,,,,2653,Troy,Sun Belt,,,,,
389,401207191,2020,13,regular,2020-11-28T20:00:00.000Z,False,False,True,,3604,Alamodome,2636,UT San Antonio,Conference USA,,,,249,North Texas,Conference USA,,,,,
390,401215340,2020,13,regular,2020-11-28T22:00:00.000Z,False,False,True,,3817,Malone Stadium,2433,Louisiana Monroe,Sun Belt,,,,309,Louisiana,Sun Belt,,,,,
391,401237149,2020,14,regular,2020-12-05T05:00:00.000Z,True,False,True,,3887,Donald W. Reynolds Razorback Stadium Frank Broyles Field,8,Arkansas,SEC,,,,333,Alabama,SEC,,,,,
392,401237152,2020,14,regular,2020-12-05T05:00:00.000Z,True,False,True,,3917,Sanford Stadium,61,Georgia,SEC,,,,238,Vanderbilt,SEC,,,,,
393,401236033,2020,14,regular,2020-12-05T05:00:00.000Z,True,False,True,,3835,Gaylord Family Oklahoma Memorial Stadium,201,Oklahoma,Big 12,,,,239,Baylor,Big 12,,,,,
394,401237154,2020,14,regular,2020-12-05T05:00:00.000Z,True,False,True,,3958,Tiger Stadium,99,LSU,SEC,,,,145,Ole Miss,SEC,,,,,
395,401237151,2020,14,regular,2020-12-05T05:00:00.000Z,True,False,True,,3853,Neyland Stadium,2633,Tennessee,SEC,,,,57,Florida,SEC,,,,,
396,401234662,2020,14,regular,2020-12-05T05:00:00.000Z,True,False,True,,3855,Notre Dame Stadium,87,Notre Dame,FBS Independents,,,,183,Syracuse,ACC,,,,,
397,401237150,2020,14,regular,2020-12-05T05:00:00.000Z,True,False,True,,3785,Jordan-Hare Stadium,2,Auburn,SEC,,,,245,Texas A&M,SEC,,,,,
398,401236036,2020,14,regular,2020-12-05T05:00:00.000Z,True,False,True,,3636,Bill Snyder Family Football Stadium,2306,Kansas State,Big 12,,,,251,Texas,Big 12,,,,,
399,401236037,2020,14,regular,2020-12-05T05:00:00.000Z,True,False,True,,3616,Amon G. Carter Stadium,2628,TCU,Big 12,,,,197,Oklahoma State,Big 12,,,,,
400,401234661,2020,14,regular,2020-12-05T05:00:00.000Z,True,False,True,,3948,Hard Rock Stadium,2390,Miami,ACC,,,,153,North Carolina,ACC,,,,,
401,401234657,2020,14,regular,2020-12-05T05:00:00.000Z,True,False,True,,3799,Lane Stadium,259,Virginia Tech,ACC,,,,228,Clemson,ACC,,,,,
402,401234656,2020,14,regular,2020-12-05T05:00:00.000Z,True,False,True,,3923,Scott Stadium,258,Virginia,ACC,,,,103,Boston College,ACC,,,,,
403,401234658,2020,14,regular,2020-12-05T05:00:00.000Z,True,False,True,,3982,Wallace Wade Stadium,150,Duke,ACC,,,,52,Florida State,ACC,,,,,
404,401234659,2020,14,regular,2020-12-05T05:00:00.000Z,True,False,True,,3670,Carter-Finley Stadium,152,NC State,ACC,,,,59,Georgia Tech,ACC,,,,,
405,401234660,2020,14,regular,2020-12-05T05:00:00.000Z,True,False,True,,3873,Papa John's Cardinal Stadium,97,Louisville,ACC,,,,154,Wake Forest,ACC,,,,,
406,401236035,2020,14,regular,2020-12-05T05:00:00.000Z,True,False,True,,3784,Jones AT&T Stadium,2641,Texas Tech,Big 12,,,,2305,Kansas,Big 12,,,,,
407,401237153,2020,14,regular,2020-12-05T05:00:00.000Z,True,False,True,,3683,Commonwealth Stadium,96,Kentucky,SEC,,,,2579,South Carolina,SEC,,,,,
408,401237155,2020,14,regular,2020-12-05T05:00:00.000Z,True,False,True,,3693,Davis Wade Stadium,344,Mississippi State,SEC,,,,142,Missouri,SEC,,,,,
409,401237514,2020,14,regular,2020-12-05T05:00:00.000Z,True,False,False,,3654,Brooks Stadium,324,Coastal Carolina,Sun Belt,,,,2335,Liberty,FBS Independents,,,,,
410,401240218,2020,14,regular,2020-12-05T05:00:00.000Z,True,False,True,,3975,Veterans Memorial Stadium,2653,Troy,Sun Belt,,,,2433,Louisiana Monroe,Sun Belt,,,,,
411,401236034,2020,14,regular,2020-12-05T05:00:00.000Z,True,False,True,,3772,Jack Trice Stadium,66,Iowa State,Big 12,,,,277,West Virginia,Big 12,,,,,
412,401207203,2020,15,regular,2020-12-12T05:00:00.000Z,True,True,False,,3806,Lincoln Financial Field,349,Army,FBS Independents,,,,2426,Navy,American Athletic,,,,,
